t1_urban,t1_rural,humidity,co2,co,nh3,sulfur_dioxide,uhi
32.49080238,23.70265858,45.70234102,518.1757486,5.762759195,0.045427197,0.035930278,0.502312815
44.01428613,30.83801895,44.81872794,549.1703493,8.07378006,0.052609209,0.016895454,0.581518343
39.63987884,37.45891672,84.37527483,412.6169747,7.625593205,0.086909265,0.044895783,0.313217159
36.97316968,34.64449773,44.97277199,506.2185249,1.623609056,0.040600395,0.03452465,0.346629909
28.12037281,36.13122296,46.31698357,492.9364958,1.57756975,0.088268472,0.016288155,0.157440572
28.11989041,33.17566733,75.56389575,558.2075942,2.754926241,0.017932099,0.048493522,0.226406691
26.16167224,33.84553129,56.98439055,576.5217651,3.674639791,0.079911859,0.030734619,0.237174098
42.32352292,36.98391303,76.60263342,353.0391929,4.143710256,0.086279287,0.012915938,0.244460629
37.02230023,24.99336018,33.92196945,518.5049798,6.829002447,0.026363589,0.035073316,0.577340541
39.16145156,29.78849927,59.25427162,362.9589498,0.661136278,0.048731188,0.020127956,0.310466932
25.41168989,24.42418884,32.01681601,487.2146663,0.443259772,0.02489498,0.042147738,0.335270748
44.39819704,39.75336016,33.75919221,421.9081823,3.979914573,0.073594372,0.042712883,0.411966012
41.64885282,38.88118679,84.3862472,426.6941499,7.001920552,0.058181299,0.049157894,0.318952295
29.24678221,20.78853623,38.35472227,438.2396259,2.015009895,0.067179101,0.030074781,0.425455479
28.63649934,34.11150345,61.94524094,505.3231123,6.450894364,0.027683827,0.028198275,0.216450727
28.6680902,38.50496635,54.66573616,433.5124914,2.672298566,0.029057128,0.040139024,0.104915602
31.08484486,23.6115069,50.84059958,533.1747626,8.872252477,0.013734759,0.015298826,0.453984623
35.49512863,31.35890461,83.99000074,451.1318464,8.967330448,0.038986078,0.031876621,0.331798275
33.63890037,38.30976595,31.30940381,367.0883001,3.043143322,0.06037702,0.031849904,0.197220074
30.8245828,20.67891957,69.82738117,545.9399606,2.376938164,0.087214142,0.013578925,0.434774128
37.23705789,33.94840534,87.80366605,421.4395811,4.171909323,0.07002347,0.026719363,0.250044413
27.78987721,25.94698015,63.61009101,458.1917199,2.481262693,0.049185669,0.044131392,0.304849448
30.84289297,38.48792391,86.20934772,521.3609708,6.756600049,0.09578081,0.044246145,0.212026087
32.32723687,39.4211649,33.13547276,433.1140393,8.278040377,0.074732068,0.013969507,0.21818008
34.12139968,38.88532978,55.12759914,364.146414,6.763612096,0.093714868,0.013628835,0.163760994
40.70351923,29.48428433,45.60946746,443.4802618,8.261069428,0.057482918,0.020507819,0.496744772
28.99347564,37.24085302,73.8492579,586.1121457,4.030222406,0.033301385,0.044990643,0.208944935
35.28468877,36.89098797,88.87782543,510.4335993,1.64753801,0.014754402,0.015156103,0.146968509
36.84829138,26.38200946,45.39180375,517.8697872,7.405714379,0.075347637,0.038799872,0.566729482
25.92900825,36.57830948,69.25047609,508.0705384,3.668697601,0.02091727,0.014046625,0.061191412
37.15089704,20.74015269,41.88585797,399.7480347,6.74558117,0.037249762,0.034925514,0.564580735
28.41048247,31.92539757,63.91981527,454.583466,2.779375026,0.057922382,0.024242692,0.183912133
26.30103186,24.60017675,57.8359492,537.7349496,0.904173385,0.060797493,0.041556559,0.346736351
43.97771075,22.41133772,88.32031978,375.3432244,9.926559775,0.064052488,0.019347618,0.553614341
44.31264066,21.53906403,66.51163636,419.463194,1.646394929,0.02496298,0.035568073,0.573113455
41.16794696,33.92577552,50.97038233,419.0797771,9.88536784,0.044176366,0.019427301,0.415178309
31.09227538,26.79749928,36.84574709,458.0047319,9.775071332,0.06554748,0.038546411,0.467445039
26.95344228,34.49533543,39.07480972,595.0921852,7.958799229,0.097283698,0.044947121,0.366359485
38.68466053,21.30712682,43.5190158,366.8756367,6.628287325,0.075486802,0.015072072,0.535298308
33.80304987,26.30580676,45.05799968,479.6752486,5.820289797,0.093034338,0.044663828,0.501692762
27.4407647,30.78982585,81.03696347,394.8411705,8.674405299,0.078599085,0.03374301,0.204775413
34.9035382,35.8144633,63.6733673,592.6691364,2.965451264,0.063254527,0.01508442,0.295130561
25.68777042,26.37505006,61.40345468,378.3258762,4.730044004,0.027282103,0.027101674,0.198336982
43.18640804,32.51782753,36.88613231,450.9002506,6.231960697,0.070001709,0.016434412,0.487654459
30.17559963,37.71955496,81.6083816,534.4712462,4.170785711,0.066104161,0.038013916,0.177550468
38.25044569,32.31726376,73.36885819,526.138607,4.332115895,0.064222225,0.040354725,0.410018081
31.23422152,24.6591895,34.06010171,455.6821592,3.369818208,0.054080728,0.014231861,0.389691872
35.40136042,20.48801563,72.47010583,436.631042,5.685894985,0.057579094,0.030245594,0.491791615
35.93420559,37.40197748,62.61229304,449.4030946,8.520687827,0.040099827,0.042585002,0.301359717
28.69708911,20.42538822,34.90352074,416.0690658,2.095130942,0.056738142,0.047446522,0.446395036
44.39169256,37.49403345,57.49803849,401.3332347,9.350887084,0.027780032,0.030540715,0.394646725
40.50265647,30.57874268,59.08177723,470.7599244,6.921967772,0.082465696,0.048011169,0.519549884
43.78997883,38.78135397,39.94647241,417.133439,8.250404806,0.026719926,0.031427559,0.399244245
42.89654701,35.97566472,86.74188882,421.8654162,5.606287857,0.017646966,0.02576762,0.29679119
36.95799958,39.95868221,80.99852229,514.1890159,7.817215344,0.049262142,0.043928125,0.279164918
43.4374847,27.01423631,70.14134024,592.1343329,0.260383934,0.06924767,0.029719308,0.564436184
26.76985004,35.34376578,57.73773366,500.9093001,8.201966205,0.049394514,0.0288761,0.202356581
28.91965725,28.03861827,54.7059325,369.2448668,0.497374705,0.034907872,0.0296125,0.197884361
25.90454578,29.59751241,69.05840803,368.8959035,8.910142426,0.060235407,0.0438714,0.221095188
31.50660662,32.55010926,62.72591216,587.8558052,9.920431198,0.04123021,0.043277662,0.406940357
32.77354579,37.47354228,33.73638635,424.3226976,3.011267876,0.093958092,0.0261408,0.231294226
30.42698064,39.68166938,60.75015893,373.0167465,2.182153707,0.093038063,0.023331994,0.059239267
41.57475018,35.36546828,78.38421703,499.7611468,7.677097302,0.055213464,0.029677121,0.396168711
32.13506653,28.35533564,57.55439266,505.9121946,2.604960775,0.039509559,0.0329109,0.350540414
30.61869019,28.42714005,33.11739465,512.126205,8.669067593,0.076341917,0.019533488,0.430034347
35.85392166,34.75164603,77.17669196,416.850507,1.118141662,0.013304165,0.041758203,0.204743236
27.8184845,24.77554292,42.08182693,353.7776711,1.346956444,0.052729211,0.029459311,0.265542805
41.04393962,22.20948226,45.51725009,591.2538424,9.793600395,0.040269105,0.023361822,0.719863323
26.49101287,27.09244315,39.88238121,412.7232614,6.771005093,0.09284823,0.01427284,0.290926155
44.73773873,25.74477983,49.81290389,519.006572,8.484183522,0.011080272,0.019553806,0.635155062
40.44489539,25.92616241,75.40509034,526.6574675,3.310860836,0.059753339,0.047971247,0.546411799
28.97431363,24.67215502,61.16315157,502.5018543,6.79718912,0.076659722,0.022203987,0.388719074
25.11044234,20.84186379,42.29287645,428.2268486,5.98299409,0.053651619,0.016754372,0.350812107
41.30922857,20.35747869,82.66980469,417.7740634,6.071186189,0.017686273,0.028426912,0.536961648
39.13714688,39.75444779,82.7749113,499.4170707,6.857071349,0.097521525,0.02228351,0.276122101
39.58014336,28.55546267,82.2347055,566.5239084,5.796055814,0.056620939,0.01140637,0.450923593
40.42540693,27.68653294,44.32777268,586.6834322,4.347717456,0.065276762,0.022925809,0.579143671
26.48089303,33.59294565,57.07436065,376.4764511,2.831634674,0.03129488,0.031764345,0.095436784
32.16931457,24.36507776,89.09937937,388.7071531,7.708955176,0.053514828,0.032068495,0.337877278
27.31738119,38.99922368,76.32074858,586.1840647,2.340097057,0.048623454,0.024262357,0.098396873
42.26206852,35.72690029,31.63004527,534.1338071,6.954307631,0.016740626,0.02789211,0.485480495
37.46596254,21.78822005,33.91227548,570.7484562,2.409994944,0.019554432,0.048620717,0.646587001
31.6179605,28.35161552,57.83588261,400.6581585,6.290768683,0.085372527,0.025093939,0.322766478
26.27116701,37.58236615,84.55321235,496.8964678,7.496074845,0.031583796,0.020329073,0.069463061
31.21964643,38.89464045,62.32210788,525.2848986,2.2652675,0.027546244,0.019738682,0.13362998
31.50366644,29.34803022,59.86875048,520.0279714,0.693438679,0.055442031,0.028310585,0.308046032
39.59212357,32.26822778,36.328422,452.0379227,1.396640056,0.079187242,0.040380806,0.440069876
37.75114943,23.34067892,69.40680628,353.8487229,6.099369976,0.015575187,0.018239527,0.399323497
42.74425485,39.82337252,79.32618964,495.7315142,8.509519422,0.061912713,0.038371845,0.368315887
34.4442985,24.63343403,52.82520045,413.2753848,0.54546853,0.02072894,0.010845993,0.326799803
27.39188492,38.85463548,76.53671106,462.5635615,7.368097465,0.013281495,0.026757319,0.064897066
39.26489574,32.99293298,87.86859923,589.3952538,3.479054595,0.014746956,0.041034603,0.392484587
40.21570097,32.1547359,42.22598755,449.7588294,4.837430862,0.08507477,0.023549318,0.442389094
36.22554395,30.25377022,61.39977787,559.9504017,9.295709543,0.020617524,0.032549484,0.46708389
40.4193436,24.61339623,47.22827749,397.1351514,3.386517897,0.014063623,0.018199169,0.464015023
34.87591193,23.53056064,77.57126514,518.1151245,4.706835646,0.04941099,0.039679816,0.478385648
35.45465659,24.40972418,64.65560195,594.2517386,0.235455906,0.085959412,0.012091164,0.463475351
33.55082037,23.72876524,68.07494505,375.4732752,0.907827328,0.033616754,0.044101706,0.350377019
25.50838253,35.59168947,77.87484958,352.0799856,2.660056752,0.047954136,0.017927855,0
27.15782854,27.00250518,53.75822836,458.3956982,0.375737184,0.013593028,0.044975921,0.260511864
25.62858371,21.15685353,84.9054041,373.1563708,6.350615728,0.050417066,0.02410117,0.252547727
37.72820823,39.3820526,61.98173203,537.0960874,4.321343732,0.061985177,0.038907343,0.31385339
31.28711962,37.6757177,39.47728937,578.637166,5.526637507,0.061381635,0.022769012,0.287505368
35.17141382,38.55504566,71.75394709,458.5052432,1.82900714,0.039918402,0.046236467,0.198179349
43.15132948,39.89815645,77.59568103,414.6779105,3.029727091,0.038397986,0.015065485,0.215293387
29.98584458,23.47790498,49.00570062,458.6008298,6.671862301,0.019596126,0.017140792,0.382074399
33.20765846,27.92484038,81.43075542,530.8619545,9.656496964,0.043011849,0.029721205,0.407694055
40.11102277,35.16476951,84.36859529,352.2635404,0.599126059,0.01895452,0.013277538,0.153784582
29.57596331,33.92041236,46.61426924,497.3634974,8.914804776,0.078993635,0.017839207,0.290001655
26.5395982,23.07791813,89.01128836,503.3229212,5.811123893,0.096964687,0.047750655,0.37145295
30.79502906,36.3166625,38.44269168,509.4220617,5.682803711,0.097306701,0.049059586,0.334022279
28.22442575,24.48881144,42.1209401,410.50552,5.052757499,0.087856399,0.025050373,0.356387782
43.59395305,24.4763523,41.05349035,528.5131808,0.78700145,0.064071293,0.046931441,0.664651083
41.16240759,30.73948846,83.6393826,372.8478716,0.989780832,0.073077913,0.031792987,0.323219403
37.66807513,31.8587987,69.25755314,399.8175841,6.049028856,0.035668522,0.020789699,0.304227814
42.4292118,31.60172416,39.12625699,569.3675117,3.475489857,0.066769338,0.038095949,0.570939261
41.07344154,21.82973675,56.4194051,534.6807877,9.180953859,0.051008459,0.036356072,0.695894852
28.73140118,37.54921725,66.9178815,353.4363885,4.12524632,0.053381561,0.049565013,0.094214282
42.85117997,25.31200085,35.0078451,412.0940651,1.518486441,0.07819989,0.020601891,0.543356207
35.78684484,22.59029843,82.9449821,403.6016207,7.175716452,0.035372652,0.03688238,0.440624002
41.1488031,37.7749616,78.21621213,417.701582,3.004198872,0.038623565,0.01208095,0.211685661
42.921826,39.11302996,60.31240641,411.8899426,5.302156043,0.093217761,0.014545842,0.306172013
31.3600695,37.24255235,88.02759692,365.6315739,7.008544577,0.015060187,0.010156735,0.037133034
27.20103849,36.19032149,55.06565876,464.7351291,9.012614701,0.053707087,0.049978427,0.231817777
29.55870325,33.10483961,89.04661914,533.1833687,7.942692829,0.092152072,0.042090948,0.284763461
33.54215577,31.01714741,70.07519993,501.6829312,6.795974572,0.064932671,0.041468921,0.374623415
41.36029532,21.7397352,68.0802764,518.2179171,6.828368506,0.059176637,0.030389043,0.637349249
42.21461167,28.16906426,39.95729372,370.2872946,9.464653976,0.032476976,0.022002683,0.511876942
25.13904261,27.45377034,82.9156655,587.8726775,3.028658565,0.040894794,0.016050571,0.222691757
35.21494605,25.19507568,55.64938128,559.6229585,0.111009733,0.086684357,0.02138699,0.462019194
33.34822006,34.46840227,39.73400435,551.2725796,2.792350138,0.060329632,0.025038849,0.331538639
29.44215621,29.9175147,30.7564512,555.7459513,2.257124658,0.056326797,0.040252404,0.385568386
27.39730735,21.62092432,63.58534102,583.177627,6.652162393,0.018962174,0.031586472,0.444333677
31.75230343,24.40366404,61.64397733,486.0634915,6.373744838,0.011442534,0.013099345,0.371585776
43.85819408,33.66517527,73.16121734,400.0705045,5.975267689,0.096731667,0.01072116,0.376369
31.46405864,21.52261719,83.41548318,504.195902,0.260810088,0.043928755,0.014093287,0.337508691
35.37581243,37.02413828,34.76439508,535.7203734,7.314902739,0.064289176,0.026419949,0.373663733
39.06037918,29.90293054,73.88978942,534.4793483,3.302951084,0.017174357,0.047327717,0.445699331
32.27259205,29.61173155,41.24471665,480.362256,6.684054291,0.071480286,0.035496099,0.411874573
44.43564165,31.84815569,81.49062319,367.1146798,5.610126442,0.093931004,0.042073036,0.435900175
44.2489459,36.49361932,79.14381083,442.7782346,3.493036162,0.061809873,0.028654984,0.34460981
30.03564592,26.95618416,62.4476253,580.1916521,1.432305044,0.021350379,0.024466643,0.336422655
34.94497012,33.56032305,72.61456792,496.1122274,1.034747087,0.062354937,0.014336015,0.234789523
31.0175662,31.31463928,48.86100679,484.5829858,8.332031498,0.078971249,0.045037321,0.39115519
30.69680989,25.3405654,58.27007394,417.2133786,9.192135667,0.046577488,0.041326401,0.407350694
25.73773895,37.57259973,79.29821386,442.11223,6.532901663,0.089185397,0.016724724,0.050684301
37.19128668,35.94852043,57.55591183,573.8365223,1.123997737,0.068381466,0.030490423,0.345485905
35.05358046,33.16903669,51.46789592,516.6157619,4.080069447,0.090932403,0.029494992,0.372443246
26.02957502,37.01163458,59.65274684,546.8467567,7.316498081,0.066115478,0.035003662,0.199319651
30.57292928,37.34588402,79.69495515,463.5863558,7.820226752,0.021815917,0.047847476,0.185199805
43.16531772,34.16725953,50.11248284,507.5618049,1.270364361,0.037872254,0.033190858,0.436302534
29.79123781,36.74026657,40.42569559,412.0959022,0.100304117,0.028161545,0.031608691,0.123522885
27.89789744,33.94942923,72.72084122,526.3652076,7.150156754,0.091794385,0.012012917,0.204977528
34.78905521,33.60281544,79.55869276,456.9003334,3.630302142,0.078436006,0.012516299,0.224556273
44.71300908,32.37222756,36.03824871,460.6363787,2.619365183,0.070875853,0.017493872,0.488377156
29.84110543,35.05433279,44.39244677,512.3305811,0.227684951,0.037086969,0.011298831,0.168619813
38.44271095,23.17210211,38.51831939,584.0701554,5.448964127,0.026564029,0.039734116,0.654975084
40.23239231,37.61741518,50.87648469,366.0015867,8.526392281,0.078080598,0.038933212,0.351858263
29.75275088,37.43687055,57.02105873,556.1858093,9.580553298,0.052674215,0.015442249,0.239750593
39.56432697,20.58494566,74.92958022,423.0957776,5.700875011,0.03032106,0.043443156,0.556723999
32.35566265,36.51633501,69.06885509,460.9798636,5.193167145,0.065495978,0.016191441,0.178941994
37.64611661,22.57739735,67.25571405,355.4783322,0.942058216,0.013630047,0.022047023,0.370204732
37.67059422,26.70237709,51.1424968,425.2615195,5.533840735,0.039355323,0.019959076,0.433297613
35.71549368,34.87016513,80.48685319,475.6578107,3.861792882,0.05217013,0.024892284,0.242433798
26.8057954,23.21519792,58.27723004,364.0440193,6.110639281,0.02331625,0.020186551,0.26245913
41.70604991,36.35934048,88.74629628,472.7739323,3.948390844,0.098618903,0.029558037,0.329628552
31.4156013,36.64268356,68.0485283,581.7776572,2.478961322,0.028818763,0.026296315,0.211127847
28.73037021,30.14935468,37.57588449,376.3483045,1.040156225,0.021731782,0.04946278,0.238146475
25.81550283,20.12771743,70.57065372,541.110182,3.217692601,0.028318139,0.012237054,0.335339471
36.81785886,25.74076266,49.50624093,452.4177633,1.056783859,0.079215502,0.015687255,0.421221815
38.55128724,32.33853837,71.1796318,513.7934286,1.851279813,0.048295509,0.012113036,0.3222074
25.33175658,39.62372356,34.17846889,415.0591495,9.87462797,0.060887435,0.035033648,0.141264373
35.24186117,32.63627054,40.49288623,389.8730656,4.496625213,0.011890824,0.012180371,0.259899923
29.5299155,25.19607162,81.34423553,390.1156536,5.365530488,0.013098818,0.043457589,0.277842316
37.90345581,32.68011406,43.63077342,367.6229864,8.748823434,0.050124299,0.030477545,0.380391187
28.48732858,30.79970759,80.22246751,396.4116762,9.956132115,0.083498972,0.031080305,0.233875424
38.81875476,35.5969079,46.75656531,516.0548462,5.868873049,0.089671499,0.03246378,0.426121368
32.73470693,22.13961278,68.5729146,570.422653,8.143490828,0.017803591,0.016832548,0.488631069
43.73459977,35.22055805,71.64903441,553.5314214,3.336716141,0.058452679,0.017907612,0.413454177
27.75041888,30.82533157,60.75928519,521.2835775,3.126865179,0.092190672,0.022752693,0.254922347
31.82132702,39.25984008,48.3186406,377.6079659,4.086766838,0.044917548,0.033739857,0.131717445
27.26947042,26.83744332,42.75866258,422.2968616,6.7578219,0.084660925,0.018404711,0.311491329
43.49387237,32.65243786,31.99136127,427.4517188,6.853697724,0.022032609,0.014653269,0.464811081
42.54678707,38.64056211,48.23678407,412.4892366,3.220870403,0.094185504,0.048804675,0.38043038
30.15883255,22.05019456,69.18976743,478.7514149,1.418778249,0.077628099,0.010879273,0.343369899
38.19968092,38.74456974,86.29828911,483.8884537,6.360722939,0.094720095,0.042107896,0.294201342
41.344444,33.75771445,82.27226894,439.2214938,1.370426036,0.070895551,0.041521406,0.342570879
36.10401623,21.35674118,75.96388659,438.4472897,5.827075831,0.042706354,0.021888565,0.460498066
35.59301157,26.01927134,77.3068406,557.1388995,6.964879068,0.094436306,0.015425065,0.470566575
29.83704582,34.16344177,69.89909421,547.3232121,7.036053814,0.03480101,0.015825146,0.228784738
26.86205536,21.34701203,45.61721145,426.9489579,7.559373896,0.039895527,0.037897265,0.414511677
42.94431516,31.6434092,84.43170184,578.447111,8.741308274,0.073072758,0.035712264,0.544393347
43.00836114,26.91766114,70.24393871,588.2037543,5.04959402,0.078878467,0.041309827,0.632440403
37.66202915,32.41831036,63.62643786,431.6856355,7.329466976,0.093646314,0.047499247,0.420774327
31.78059582,20.91484068,36.65936815,438.6062372,6.22981008,0.028432217,0.037677095,0.505565487
31.98419149,37.43073612,56.82333263,476.4085384,1.947735404,0.081819823,0.016234061,0.167909132
39.51911358,39.46977938,57.62149627,585.2802031,0.354327484,0.076469145,0.019737705,0.307967733
42.9422052,39.37755711,81.87381657,569.0798583,2.916959718,0.01574151,0.043687749,0.349150502
42.74172849,34.99303663,62.79889321,375.6419906,4.486033693,0.044850083,0.018372243,0.317796342
40.59751092,22.6017248,52.82403294,448.1826858,6.20934885,0.035448891,0.012900893,0.546813843
37.84063292,35.16526392,88.60801971,488.3427974,8.514597372,0.037404138,0.038131202,0.32870599
26.6827993,20.49173833,36.6432356,475.7831181,2.042832595,0.098465219,0.026101054,0.423103419
28.23257428,20.44247103,55.3529057,398.465767,1.34294292,0.067849967,0.046801602,0.383972918
42.97108377,26.47220438,32.52148051,564.7041928,9.63845148,0.074590854,0.036010203,0.733461972
37.12858119,29.77286381,74.39424725,519.2351957,1.169641138,0.097895587,0.013616759,0.358321824
25.18394103,35.40814836,85.08459313,559.4770937,4.837061594,0.04394816,0.047914263,0.158102974
27.02943086,33.66590753,46.80223977,564.6910698,5.897080915,0.082165615,0.020342291,0.269764733
38.27003538,28.91805413,81.50050061,537.0889634,5.459606767,0.049107787,0.0234885,0.425011037
25.10123168,25.47253333,47.53309383,459.8026503,0.951718355,0.08825803,0.026090417,0.270701608
28.21616103,39.94249,84.6462097,502.6366888,0.664566449,0.026259179,0.012048972,0
35.97467579,28.52362604,75.23771422,390.0913515,1.144285932,0.095291756,0.029860617,0.311606149
38.83790395,29.02774049,78.29440661,518.4113544,5.89731807,0.029689454,0.01493274,0.405104002
38.03922519,23.27247642,31.08039334,394.8133139,5.489014388,0.039359846,0.026038813,0.527642875
29.48538619,35.89619097,87.76862142,523.4873976,2.414033841,0.078057301,0.024028392,0.137208091
39.24358443,33.87364452,73.60025952,407.3995402,6.413964004,0.045437963,0.040913603,0.341844072
29.74498175,24.41539226,48.28506572,379.387825,8.21866827,0.064739024,0.04212682,0.405145831
31.50799396,21.64762091,79.76367989,391.3211225,0.511631702,0.050011615,0.016136515,0.285426438
39.9298281,33.60998604,46.8912719,350.4980338,5.031486441,0.076813294,0.024662047,0.345679356
37.99265798,33.09022429,82.36523037,529.6849045,6.92417308,0.030549813,0.024934126,0.355904311
41.98446821,25.46519054,36.75482342,533.1002623,2.597888078,0.015261219,0.016056418,0.566381279
38.15225785,39.01727125,72.22115865,478.7333375,3.146931962,0.036993646,0.04193814,0.252799894
36.36617207,23.02115784,62.4419086,390.3407003,6.17501524,0.05268778,0.038289133,0.477513139
26.87349536,28.64669602,35.79206821,370.8885844,8.989559405,0.025121805,0.017615271,0.250264843
32.35431606,38.8723184,44.5136297,354.7822416,8.118251761,0.041931756,0.024668876,0.161040196
30.30404735,28.39454634,30.74424218,391.4370442,5.872989169,0.045998472,0.014232201,0.304119288
29.87979287,32.77051895,58.12607793,572.7138837,7.329195006,0.015165266,0.035128264,0.322255668
44.4602111,27.95188796,48.07591565,410.3842104,3.711742455,0.062497652,0.014854877,0.50228787
32.86195449,25.48430405,65.90144906,438.5678318,6.445558728,0.089590909,0.049437367,0.447505983
42.8409311,39.67955296,47.83426846,376.3363711,4.715197752,0.023656862,0.041227283,0.312150311
37.62277252,28.18668013,47.99514669,405.5903262,1.980367751,0.063802721,0.025609542,0.391265503
40.89622607,37.88198407,74.59159192,479.8061427,7.047208911,0.069826528,0.033142557,0.348598842
35.05274186,24.59909212,32.88857016,501.9381708,5.60899991,0.047740121,0.046453673,0.565511563
36.53807769,24.26209408,84.17369971,411.3380785,3.650353661,0.073098783,0.032163971,0.402252056
34.85035388,20.62268166,81.13583246,364.4330398,9.122257982,0.046965839,0.016979939,0.422696293
28.90485976,33.03333651,70.06828099,447.7582173,0.307247766,0.055417356,0.025148134,0.133540164
39.44904231,27.37052687,65.59329421,408.5508427,3.226154197,0.010661774,0.043725795,0.422244182
30.61544725,37.287165,83.53814989,404.8884808,0.663125838,0.07225481,0.035768521,0.07340501
25.48631933,29.46419813,41.11981077,589.9657007,7.688620431,0.069520841,0.036028975,0.381798314
37.90944592,39.36386856,34.73814973,504.0751215,7.050863796,0.013456079,0.044672859,0.366280407
28.54221359,23.71051031,44.37061019,489.2196108,3.380386965,0.04314251,0.045758922,0.418990768
43.80917169,37.37246336,77.67469672,453.9437759,6.789062732,0.098112866,0.046791703,0.420534671
44.07857154,35.53193706,32.080216,457.2360834,4.019778539,0.047866291,0.013793968,0.428646236
43.2972878,35.41843689,64.96841011,485.226251,7.586912535,0.055175086,0.03176504,0.444247294
32.40317401,36.89566456,89.72625097,524.1074518,4.596418261,0.091893714,0.039620381,0.224283922
25.30913233,35.22047982,81.34176563,525.536524,4.181569306,0.074553569,0.040277074,0.143703448
43.56637125,32.52440643,61.28674134,392.9234769,9.353826163,0.062386312,0.034268648,0.473120754
33.56368297,22.62489755,33.81845456,475.028188,2.583703089,0.081802421,0.016671493,0.482481799
44.33309638,20.65052359,79.88241086,452.9895238,1.292428666,0.087792964,0.041896822,0.62156447
44.27239954,38.41695696,65.93871049,567.6317416,5.886976821,0.051119926,0.038804453,0.454427343
42.06018911,32.33300629,36.89597982,507.8547303,9.696285942,0.052759753,0.013445431,0.526789401
30.88897784,35.93074582,35.63143709,483.1260166,3.840608216,0.044744584,0.028552393,0.245827608
32.70195457,29.63044703,84.57760917,378.8486605,0.71416396,0.097003553,0.016959096,0.186859707
42.02273343,22.34616378,70.15201578,501.4094723,3.459122146,0.072744963,0.023499082,0.583328633
31.3384401,22.50371584,79.75720796,379.3009764,5.108723378,0.017490076,0.010723244,0.280700517
28.38985493,33.71130574,82.73873402,434.3016439,1.703037766,0.087666366,0.026013195,0.112850256
36.13602525,28.6061179,64.30634112,385.7104912,6.615211959,0.053250395,0.031995077,0.370059601
43.72309548,24.01049453,61.04678111,523.0184118,9.977718951,0.016187852,0.034783304,0.674556823
38.92059593,29.83189093,55.82564462,401.5630285,4.572220812,0.059474553,0.036539614,0.41324452
36.4012234,21.28417874,49.01679527,447.9648433,3.611812712,0.047544785,0.043451653,0.549411855
26.94352988,31.63942804,56.07575765,573.9186944,4.066971252,0.088997446,0.018618516,0.269470799
37.30014453,25.37986809,76.43277934,401.0790958,1.239947166,0.028359514,0.014819273,0.324724097
44.801077,35.95118201,66.11540586,476.951266,8.844408654,0.084381815,0.044061487,0.504296235
27.8016803,26.20723918,83.5513974,454.8179153,4.20677399,0.060191982,0.016264513,0.225991769
35.36659305,29.10440298,56.60280086,354.5310103,3.934016673,0.014914927,0.048990403,0.334486482
42.54746144,20.2324108,66.42537472,548.1895284,6.630933702,0.097466077,0.043701529,0.745549212
39.81537236,21.44893776,67.87845319,367.2614766,4.476130867,0.056135372,0.030035064,0.501362056
38.94031482,27.84987113,65.50182974,468.5637552,6.517511341,0.036178917,0.049256857,0.499359979
39.04968168,29.59877669,72.15802639,490.1695737,0.708318272,0.052246616,0.013895069,0.3519968
32.18982302,32.00041096,44.2460081,507.1066142,8.155861103,0.087207201,0.02212263,0.378210017
30.87183689,25.83325157,60.74182665,522.1579073,9.410989134,0.037441281,0.035528977,0.446316941
41.18722311,33.89963772,36.25348817,413.3180959,6.522777323,0.027340876,0.024000275,0.408984008
41.20226789,37.20244794,53.07067966,352.4946942,9.550202696,0.021616412,0.047134902,0.359932614
42.34144637,35.59701978,59.26002412,530.8609156,1.599179912,0.036807346,0.012625044,0.357552886
43.26481105,20.79237651,69.13345557,483.9141498,4.826420276,0.080204328,0.031976473,0.653959845
35.22684798,29.61013895,87.03186316,559.0294258,6.057886666,0.052446373,0.033634651,0.395292628
35.03032589,22.09860357,66.03906399,555.3470907,5.859192809,0.030473344,0.036109125,0.544084534
40.96590358,24.84090032,74.61563497,560.8315419,4.074471613,0.02495665,0.020226649,0.528944046
37.99927862,39.73325187,60.37596357,471.273665,3.447035653,0.039945653,0.024582657,0.227877197
39.03933755,22.84991086,68.04624188,433.407099,1.355557823,0.094593194,0.043747221,0.52132922
40.91585339,29.97776307,34.25593297,547.8895506,3.978250261,0.040872404,0.017797711,0.521045436
42.80010684,32.36311469,45.26349485,462.8235283,1.71034207,0.098931167,0.043074714,0.496877434
31.75990314,34.04929941,51.71118559,395.8605491,7.370220197,0.053670741,0.032506217,0.253013624
32.51165905,31.19297367,58.3496013,563.7435049,2.167426261,0.026124753,0.0404875,0.348357506
26.8796388,20.19541695,32.73892473,570.6399692,0.679796522,0.090202608,0.038544295,0.50284154
36.56560282,26.52922616,38.40144585,466.577439,5.568424764,0.051431984,0.01830046,0.471726757
25.71884548,30.35423287,46.60885847,368.9249318,5.992774354,0.073870421,0.032752509,0.206339017
34.31196036,21.75732998,88.29196145,446.9565225,8.731939307,0.098534042,0.044708926,0.508468343
35.85289269,27.01253862,49.88082043,550.8844149,5.812117963,0.014515782,0.027284649,0.482163043
30.73082504,20.66406218,58.92246349,575.4435071,3.520260452,0.01870251,0.048663631,0.520370505
36.81666521,21.57156994,41.76586276,400.8681856,8.049817627,0.074841107,0.028088604,0.565006648
25.610005,27.93846552,66.64680426,366.743403,5.448761043,0.03536425,0.015711425,0.143089651
25.74696377,22.65431508,46.84099293,569.3376133,0.884874818,0.026587126,0.025577387,0.360700047
41.45201121,31.35081697,42.41955471,447.3512347,5.701920547,0.013542569,0.048068096,0.495117422
32.20381283,33.78929938,60.99435771,485.4402411,9.0893836,0.011966204,0.022788834,0.27636225
27.54121025,36.01173398,30.33034795,592.016453,4.023494992,0.079703704,0.044723926,0.318555451
35.4448652,24.00300488,30.45984196,366.641182,3.033625439,0.022099008,0.045250027,0.464020603
40.39987106,23.34965165,43.14412855,512.0795019,1.520347624,0.052094855,0.024007461,0.573028781
29.31642055,22.09135681,32.20328175,368.5263556,1.599310667,0.064530713,0.013330306,0.337229346
37.45780952,32.72860499,36.48154525,443.8672321,4.384437695,0.048551662,0.038982316,0.405109362
26.7069493,34.12951453,50.33163896,550.9536363,5.997230259,0.012439599,0.022460492,0.212260946
26.03363442,20.6317229,78.15514077,458.3680582,0.898092511,0.080515135,0.041316945,0.32701352
35.62709263,38.72424492,64.3229186,599.2955885,9.401729031,0.01094619,0.027706194,0.326279852
35.81270243,21.03942567,60.76006356,489.7648212,7.575822813,0.07857009,0.02941067,0.572575807
37.74859803,30.82592671,47.60932939,430.2905382,5.907576791,0.090397404,0.041116376,0.450225628
39.52182667,34.18121039,85.90522317,405.0278315,8.301542842,0.048955593,0.025294533,0.304738404
44.51704159,37.41938247,53.82090247,437.6301336,0.893848892,0.058198823,0.027725094,0.351986909
35.32600697,34.28173864,35.22556601,443.1333184,4.82070489,0.052928505,0.025047619,0.326903691
31.45912946,36.03456166,67.02399097,367.1784194,6.337921956,0.045028776,0.024693621,0.138333003
40.9037239,26.78900385,36.83030361,442.3935499,8.303663771,0.089868208,0.031037863,0.597657511
30.41664503,36.29650227,50.71338857,466.0596299,7.856348644,0.090454016,0.042351978,0.282625735
33.77942841,21.60229693,60.44471632,530.6844381,2.842985572,0.040223473,0.024470732,0.479838391
26.56912763,37.89633312,82.45335148,514.1823712,9.414713679,0.065356278,0.030970189,0.141133085
25.50701487,30.95184752,59.61279482,527.1914138,1.33102383,0.093421681,0.036829093,0.233651201
44.25296829,36.3459554,72.13552596,352.0909205,8.763822824,0.096585265,0.020777578,0.360981723
41.71960241,29.04636569,89.56901034,404.4168499,9.712308471,0.055806314,0.021100912,0.423511943
38.91948412,32.8715539,37.88934719,515.4210721,1.85381988,0.050754232,0.047336525,0.458829198
33.17905889,30.52805322,46.48389153,470.997342,7.248454036,0.035082488,0.038941383,0.389955263
28.4658864,34.63179044,53.67456454,351.3283689,0.498826636,0.096298469,0.033087467,0.114105862
28.12874085,21.63259964,55.30969071,551.1236606,4.113685969,0.022853287,0.035908802,0.438374182
30.00485796,21.20704168,54.66126452,543.2023933,5.211204662,0.062184662,0.011171978,0.4529123
35.98453329,24.94206468,84.45666015,487.1047907,5.848387737,0.035429524,0.034724119,0.435675929
39.29191845,23.1908936,72.84195867,366.6158314,9.365778758,0.035110746,0.030380355,0.49387585
38.20394753,37.43567133,66.47431285,541.6287624,6.755281804,0.046447173,0.031829987,0.34875743
30.59867794,24.38427975,48.56236307,495.9283969,4.864651717,0.099891364,0.024376953,0.437208789
44.09730561,39.51730512,79.42742305,545.4899943,8.115782859,0.014946968,0.013258956,0.346868383
39.75793833,26.73791584,87.30363069,537.9367481,9.510274927,0.062068764,0.017733569,0.508079417
36.08708105,23.64235831,79.27189695,550.750518,0.318454872,0.017431494,0.048029789,0.468981954
37.23441492,35.79397014,30.09390631,479.5020166,9.826960595,0.023906875,0.026347982,0.403479522
33.39200125,33.17415551,68.18408221,385.0811295,0.952708177,0.049560665,0.028667326,0.179808112
29.95461979,29.96391433,33.06812289,517.7893683,8.162429115,0.055941412,0.012108392,0.368200443
32.11945357,31.10727102,45.45643322,505.1184463,2.87531405,0.033291317,0.011502649,0.286757219
40.15692221,34.38403557,33.57148202,535.5632968,1.408578612,0.038481142,0.038687258,0.447262073
25.28786977,24.56909483,66.22772718,392.4702515,4.454570833,0.017827032,0.031523787,0.221033893
27.32145281,39.92667832,71.19539481,398.7438,6.475170137,0.037289781,0.030348239,0.029264953
25.92005284,39.49586324,36.86925828,572.6023793,3.871423266,0.09699026,0.019724981,0.169269269
25.81457605,33.00651373,53.03033298,537.4944496,0.640197542,0.095023664,0.039790029,0.224858867
42.10921168,23.99084902,57.37419054,577.0571222,6.034665283,0.040139046,0.016729463,0.625254797
39.07315719,33.60456485,52.14318131,539.6788303,9.033792433,0.061376854,0.01759739,0.453239544
34.48347658,21.44396818,37.26150003,499.2888265,3.893832123,0.091863585,0.028428487,0.565409518
26.95668321,20.61305004,55.13686741,513.5331843,2.241694499,0.010556544,0.021451194,0.359941912
34.8323175,25.15365777,75.07068287,572.281981,4.481515725,0.082961521,0.019898519,0.464179335
34.46943542,29.25245913,34.26045987,494.7016886,0.578790839,0.09535326,0.035809506,0.426855264
28.4640374,37.36545011,34.81080084,508.0978311,8.222827086,0.018219316,0.03603887,0.246230162
33.67703298,34.5433814,51.28627751,389.119179,8.280774028,0.024530292,0.042980683,0.28807163
32.97009469,34.85413042,86.5035427,468.480305,5.921204588,0.096467167,0.026708343,0.228798841
37.31700196,28.50986669,70.1143588,529.099278,3.5957186,0.058378613,0.012923404,0.399138313
37.70187302,26.91869985,70.7201974,417.7356746,8.017855308,0.011277697,0.020946655,0.399442493
25.9060802,27.42077526,51.71519945,400.5635451,5.591401545,0.03318688,0.049200219,0.2735805
32.49225229,39.75299127,65.61964747,428.4567021,8.276729855,0.050494931,0.033850343,0.175378352
37.51719831,20.80218383,30.60787104,410.375157,6.351442047,0.072361802,0.038389483,0.618923872
35.06272517,37.34062992,68.16576278,403.7281593,7.865614185,0.075984434,0.010294313,0.196695879
42.12979682,31.57350817,84.79721685,456.2127107,6.025773633,0.099587936,0.030728229,0.434541974
38.17387263,28.77230838,66.7544081,576.9596285,4.199996575,0.035876008,0.011501146,0.436032251
28.25868854,34.50515321,82.42191561,476.7649117,9.583664013,0.058439809,0.032769208,0.201866643
26.41137495,29.73337883,73.43838333,396.9800952,5.457026866,0.057999119,0.046830834,0.205390725
37.84838556,37.46846476,37.23350498,369.2429173,6.090386234,0.046508073,0.048736765,0.324788903
25.53022621,38.01403728,84.14719844,524.0390363,2.28282763,0.02522457,0.031622107,0.035072823
36.71551163,28.43441854,33.98663066,445.6996911,6.293942815,0.097971091,0.028328192,0.490525401
43.80460483,25.53655594,62.03804835,555.4577366,5.75891573,0.086798547,0.047800684,0.688077126
36.50948356,31.84700657,38.52822743,514.8776922,1.92990014,0.054849973,0.036944393,0.417082566
32.76339852,38.24726691,30.70239664,549.0603626,0.689912264,0.064292088,0.012595971,0.234526639
37.86576437,24.21324378,55.32205561,417.9865099,6.083157265,0.030453495,0.028629023,0.48190449
34.16505781,32.45933167,47.70244246,523.0897306,7.660553467,0.058940836,0.019609801,0.381036126
35.91233579,32.6312044,59.16002963,416.0154962,5.281673572,0.072547312,0.028792173,0.320462078
43.82929618,34.66226045,64.6319932,584.7671199,2.345048991,0.056365033,0.028218623,0.466339109
32.72205276,22.6313537,32.62434434,509.0935704,6.698567569,0.099125665,0.033285792,0.574778731
44.22381128,34.31649929,37.38019771,431.12795,0.893046693,0.065020749,0.02427082,0.422415847
43.10701284,38.18065041,63.51854379,417.3779656,4.474153678,0.043387634,0.016570818,0.29178848
28.9158227,23.59366218,50.59004119,397.7316463,1.717330908,0.079493682,0.030148777,0.329831179
26.38722602,24.7508665,73.75040925,523.6602397,1.926144605,0.025341626,0.043208115,0.301225567
27.01556003,39.42790188,69.13749892,404.6789032,2.102710097,0.044606423,0.036560489,0.012386165
25.36443651,23.61953905,80.73626178,498.8258165,3.928399865,0.041226306,0.023534715,0.262707906
26.88885922,37.08770187,71.5495696,416.1587567,0.606387036,0.048862639,0.047420921,0.058751664
38.66013547,29.84555713,55.79586464,515.4922362,4.038155065,0.080360184,0.046488303,0.502275114
26.42377297,24.94462149,70.37799734,553.7349321,5.165903726,0.053575573,0.018373936,0.320346084
31.37951261,37.41499803,46.52287046,544.5063108,4.884613421,0.081461301,0.011576703,0.23982047
41.89750622,28.9061051,48.37880993,540.2128327,3.889562594,0.061884001,0.039652348,0.574374821
25.46543871,30.29634708,77.3391096,396.9306014,8.40755142,0.040786249,0.04310441,0.186863068
41.28936965,27.18466739,56.78517098,372.0962367,1.538734255,0.082898087,0.048714583,0.479628188
30.6370955,31.85901703,77.90282043,524.7372071,5.106397763,0.03144607,0.045593456,0.287459863
27.36329655,23.27047745,79.34534242,442.0868034,0.714210028,0.030194468,0.034021391,0.252328619
38.93474331,27.82163073,81.45374026,458.0865566,0.804441221,0.055405263,0.031202094,0.377905486
37.57885694,39.38824645,84.99811415,357.7872732,5.781271912,0.033476432,0.011113642,0.102504123
42.54944027,25.16266865,55.85911323,414.8941123,5.703582406,0.010817833,0.019866258,0.507583843
39.70142088,33.13473329,49.1320091,358.419101,8.792531777,0.068346777,0.02838459,0.39072233
41.06961861,26.50380128,64.9319248,569.7964432,5.622949389,0.055998444,0.035140156,0.589576121
30.64069145,35.46946251,52.27034541,410.8491708,9.601931102,0.050096603,0.032290073,0.240356234
28.54879088,22.61747321,66.06445001,489.3342924,0.582078999,0.097027166,0.03970544,0.38011801
40.01229503,39.3964209,72.33515176,359.7448302,1.070276079,0.061407927,0.021190677,0.154818659
41.13669479,29.07579083,71.30430111,516.7118478,0.53625203,0.087708842,0.032598104,0.46480612
44.81010284,24.72100927,52.47317322,430.7568364,1.934240818,0.022550521,0.01352569,0.522602301
33.25235354,21.46993495,40.0116121,574.4797967,5.458574098,0.061228582,0.026546621,0.581476625
32.44036172,23.3951581,55.83176031,572.0295472,6.491164596,0.088118166,0.040006433,0.555261061
40.52825921,30.39547897,38.55564864,431.3226546,0.551293064,0.062479518,0.037736034,0.446031537
31.81607081,26.74006353,83.40582211,575.2402239,9.465111809,0.074621276,0.049625709,0.480761782
43.61514651,36.57766732,50.75264764,599.0394184,8.437437229,0.043483921,0.021115645,0.508865646
42.16825504,28.61775047,39.26758483,556.353916,3.036463573,0.018320457,0.029927572,0.561465261
33.57988055,24.97428545,31.52686559,561.2178369,0.864156549,0.051211027,0.023181217,0.481976004
40.01742136,32.34289973,68.74934318,412.252184,1.781882025,0.045503145,0.027624125,0.318463612
40.09085748,34.13554434,68.21413905,494.1755997,1.356749696,0.088035416,0.044278005,0.391503308
27.06247738,23.34083816,50.43624999,366.8139785,1.320509415,0.031959577,0.037368363,0.272683723
43.05105813,23.35238433,34.30271333,373.7294842,5.233760718,0.09700608,0.045297648,0.652246988
35.10504745,20.73342854,54.57773369,599.723153,2.533889681,0.096232431,0.018140444,0.580360328
41.52914932,34.7280403,48.6730497,431.6598124,3.645583194,0.032286848,0.044934445,0.402935678
31.40099202,33.27609055,70.62723838,537.045978,9.896102801,0.041324676,0.012390491,0.285375881
42.91046457,29.49261751,66.34675497,551.6662633,6.874711064,0.090600017,0.045543971,0.608126862
32.78403357,36.88340898,51.87562369,564.5058178,9.494908604,0.096996,0.023162951,0.349135225
25.21675303,36.11340306,43.07355326,599.4070744,1.511309895,0.049909519,0.022583505,0.174385607
43.10763953,31.70708729,89.28215797,410.3741213,3.883180801,0.038889734,0.030483543,0.359312754
26.82573354,37.36542561,57.24009727,360.0877067,5.591844852,0.057348461,0.047627608,0.10278525
31.38627275,24.1168242,71.29645415,452.7978795,0.859904813,0.071899229,0.011911255,0.303768168
44.00123934,22.23839239,38.43317805,382.5201675,0.141455692,0.034612706,0.024089239,0.557750684
44.01214294,25.39499223,59.13538198,355.6064723,6.737299905,0.076282586,0.04426288,0.577007582
36.46875776,21.14173712,31.65220319,440.1067068,6.454013216,0.014649162,0.025842179,0.559541019
37.63674424,30.62339056,60.32730707,545.9345628,4.166809219,0.014436504,0.017966276,0.393938679
33.96891044,38.73211385,87.84104443,491.5451728,4.947476353,0.044765893,0.026991767,0.158875005
30.86421543,20.78687081,53.05240278,428.1944973,4.212885706,0.041812587,0.0254221,0.415928758
31.57329091,22.44219828,32.33976075,513.5855014,0.337649944,0.038406989,0.046616648,0.495382552
38.45036912,29.04398057,31.85734746,408.0045451,3.420178902,0.054191779,0.040477375,0.463842677
40.04749059,38.67750035,53.2792056,353.5953615,1.853114328,0.038866022,0.030204622,0.215892048
40.83158087,26.3231221,39.60149619,541.0883466,1.074399472,0.027303213,0.049534823,0.591050602
40.79236286,30.14469617,31.40112578,505.9357712,9.571532296,0.037852259,0.028611101,0.572985533
26.82412206,20.83145718,75.37281684,540.5756561,6.033661278,0.097741385,0.012329513,0.39334873
34.88840609,22.96686402,57.51138053,359.7345042,7.313697214,0.047000208,0.020490973,0.419181636
26.1511752,39.73260246,47.35468632,559.279907,3.222101058,0.05002415,0.027442819,0.125674459
35.99057765,39.30237393,84.00499098,504.88155,3.992156582,0.061889049,0.016276105,0.175348508
33.83061003,20.09879962,36.96833761,490.8488377,2.44554754,0.098500669,0.047902605,0.599792614
42.75408366,39.03623571,87.35512974,506.153512,1.059960143,0.031744115,0.040673956,0.286286986
32.01830025,32.78239876,48.83800304,566.1083117,1.872413211,0.07131539,0.020731488,0.315608208
27.34134033,37.35836589,83.30422034,496.7341266,7.995389048,0.074438622,0.033632181,0.145597191
27.85983364,29.09479711,66.17657259,495.237595,6.807703471,0.064659198,0.038857966,0.313152562
40.23021263,30.31192057,79.60244158,597.6697893,5.514595872,0.017972051,0.047651157,0.507523962
37.36436127,29.77693161,89.04078979,539.1825418,4.803389741,0.070918505,0.045265414,0.430850798
27.02245352,33.33728515,47.30432627,460.5734514,9.232099408,0.015768524,0.030607689,0.232118746
26.68213612,22.7930251,87.66812912,526.84925,0.820075983,0.063652838,0.040986105,0.314998457
39.01938263,20.5994718,53.36891369,447.3076179,2.877948051,0.076562306,0.03248579,0.57839753
26.45526013,26.15859883,53.13071428,407.2188656,3.56438475,0.02898729,0.032108156,0.247170275
41.43720119,34.09361525,50.42322626,499.2129692,7.846015541,0.085745981,0.014589678,0.456691206
39.12484454,24.03706904,62.48445644,582.0455245,9.92589474,0.012731842,0.015045506,0.591378691
26.62697561,33.46864867,39.24870259,582.28488,2.482638096,0.085943158,0.031181345,0.281567403
26.69675428,39.39824092,63.22268912,435.4763195,8.755642608,0.051429615,0.020754462,0.076396784
44.73279157,21.87801432,62.50228874,481.9193666,8.323165328,0.029582915,0.010841476,0.639529541
32.48541592,33.45204236,75.71410876,402.9089746,2.324108237,0.022040033,0.038913568,0.176939379
32.41284294,28.87500439,80.01899772,598.9077774,4.053392544,0.095797645,0.011299464,0.356943764
41.25599135,37.36284509,56.42648102,595.279477,4.155761406,0.016539903,0.033811074,0.414054777
43.94497155,23.54299579,48.13999496,512.3772324,9.784384618,0.027918408,0.031567752,0.702516515
44.72002128,33.85251904,45.56009384,551.1035149,1.890829824,0.041304011,0.048752588,0.540487436
40.06756371,36.76230579,41.6774302,528.7750403,8.011663914,0.065821136,0.029368526,0.448558549
32.52519171,38.89228439,33.45885493,498.2895548,3.40850787,0.059032098,0.012544057,0.208871783
26.67001433,33.66496057,50.54687873,363.3369992,7.335616423,0.021307914,0.032067519,0.143134461
40.54293832,29.94349528,46.21486153,463.6910856,4.258108943,0.036075519,0.043643847,0.493282559
36.16808499,32.3569448,87.98504315,518.6965755,5.825761655,0.031487659,0.049873971,0.359975491
33.48444018,37.37809969,63.46252958,519.3829035,8.342856556,0.029218857,0.027213727,0.264871579
43.1270877,31.41219493,50.83662234,443.2806546,8.061239093,0.04700299,0.02281195,0.491471218
27.22394965,20.60774119,64.82805606,585.4229967,8.677589517,0.073362831,0.046266132,0.533446595
34.85250209,38.61897391,38.35180208,391.8392581,0.690211521,0.029570764,0.017649685,0.145123269
25.2270729,33.79053502,56.64262495,475.0898616,6.951300475,0.043001099,0.034617157,0.185001141
34.37321284,33.53026772,67.57405929,522.7209941,1.48587503,0.045182568,0.026228577,0.271878788
26.12606551,24.31350305,59.33386991,524.2839515,4.216603823,0.097881088,0.011643295,0.329296802
27.37635833,33.1777094,54.10672804,512.1597392,5.531025309,0.095919972,0.023891539,0.247314087
27.35052494,27.87728811,89.63090333,418.8220534,4.087120899,0.082012382,0.020609141,0.176698897
37.98420604,33.02465954,82.81888573,389.0516422,5.24415559,0.031749303,0.037443646,0.280349458
39.92089759,22.13186061,67.40435749,508.9850817,9.965610457,0.016123358,0.04795162,0.648827949
36.6673753,33.15690609,64.16264167,499.825529,1.438651406,0.038521372,0.020721887,0.292828517
44.24345097,39.98827452,67.23962879,394.8390026,6.787014849,0.034011509,0.042458638,0.330300146
32.49741159,20.96424078,42.07872647,526.2847864,4.020409567,0.055533322,0.012214393,0.498543694
30.71424173,39.54348368,53.7082646,463.7929979,1.416797009,0.079995512,0.03152484,0.136806805
42.37198256,28.13815921,32.36757197,516.9401479,1.671493957,0.087249064,0.012822003,0.549153595
29.47191677,37.41506901,58.53276225,559.3417699,9.497803752,0.086037768,0.04736132,0.314168662
44.26445079,35.64770968,62.58147504,392.4321071,8.808054817,0.042370801,0.040654051,0.428738223
25.24308949,31.34032522,43.66498417,354.786217,9.079715408,0.071851091,0.036317996,0.217344683
44.39757653,34.76898419,87.84173083,544.7756466,9.916174481,0.038155078,0.042955855,0.499390398
25.86319824,37.57031123,84.56727666,502.4243563,2.162322361,0.015481499,0.035900792,0.036171809
42.82286227,28.08280643,73.32859413,524.9098924,3.61884944,0.073140874,0.048757776,0.564404124
35.55402218,26.54066323,62.00319773,559.5387437,6.725268396,0.01088448,0.038558318,0.495742154
44.85929592,33.35186771,82.19814958,550.7027337,4.889645145,0.046826433,0.046986344,0.506426549
26.47593129,36.15691884,37.83914063,590.2300367,4.24205638,0.039644134,0.030685276,0.237177122
36.07708569,35.2457027,77.43058766,483.9837697,3.642331368,0.072403978,0.014682577,0.24082167
44.38605071,35.95627298,37.48924884,472.1239082,5.978428256,0.078962093,0.031127109,0.494691838
35.46195688,28.7116663,77.65263975,450.4718,5.798374944,0.037368517,0.015074913,0.319800284
37.58797276,36.35668432,46.5460541,388.4227607,1.698432557,0.083046431,0.033699739,0.275569183
38.91497378,22.40418111,82.62543486,493.1518082,4.770224391,0.036452508,0.029299722,0.509340841
34.0908213,30.88978196,86.64252563,419.2531311,5.579370584,0.050169372,0.034903016,0.270167881
37.5511616,20.11517321,38.92775816,580.3268781,5.745840693,0.075431667,0.010401879,0.655294424
36.68628624,26.4917166,57.7605363,495.7977011,2.18006121,0.072362821,0.01779362,0.428639924
43.02316021,27.3292307,88.85924269,498.2100451,7.448486783,0.098863163,0.029653217,0.545533298
25.90892761,27.92345383,59.00444616,438.7311652,0.349471039,0.030264492,0.048020142,0.217664629
30.61926379,33.90934413,81.81285135,362.997338,3.61283537,0.069608612,0.025344362,0.113152798
44.00822968,27.77116203,65.32389133,357.9359413,7.824105221,0.064871372,0.026974881,0.498533365
42.80527568,28.97387245,52.51979448,455.833786,5.682539918,0.092358861,0.038587844,0.559943651
34.11313506,24.75088262,47.14701333,371.1413445,2.685508082,0.024072593,0.03415171,0.375381617
37.40265196,27.46503583,42.19338547,501.7117389,6.980035881,0.077661835,0.021957046,0.518187499
30.54762366,24.54539255,75.70789148,570.2432514,5.717170347,0.061144175,0.026432656,0.417374969
28.76242319,21.46391848,53.19243041,570.7287041,7.982811734,0.034719928,0.018707992,0.477432503
34.2739681,32.06897187,60.67652773,514.7613525,7.376749343,0.052699142,0.048640858,0.410182477
32.06704456,33.36425597,59.5395288,402.8079579,6.140068428,0.040039894,0.015225375,0.203721716
36.67312224,32.38980692,64.63674175,565.7492078,4.932958986,0.062138206,0.024873471,0.398854722
26.55469274,29.26988088,81.93462874,571.5233588,1.418503044,0.090010055,0.011033559,0.206858923
44.48789615,27.5957156,88.84436062,399.1633962,2.687196877,0.061237449,0.01887118,0.417317258
44.72421489,37.26667299,54.45505251,534.3565214,4.249084782,0.066855018,0.041218846,0.479380526
38.96323428,30.3816357,79.65113533,421.6298872,6.033062941,0.056687306,0.018047009,0.34574954
35.72192733,29.58363755,75.87166768,550.6600781,5.185707767,0.014604896,0.013202536,0.352429946
31.19055233,20.51284132,64.41173709,599.309475,2.953026807,0.03095727,0.028978127,0.494570744
41.27590039,26.82495655,87.36282862,357.5065013,0.163997142,0.054280156,0.010398769,0.310570933
38.69462345,27.60391238,42.02847093,574.3414664,5.012768297,0.037921176,0.013390646,0.523868878
28.25233879,27.97645562,36.55585262,505.6576334,2.927697287,0.026358724,0.042305035,0.35176341
43.21854369,31.60344738,81.23771802,593.3456548,7.372622177,0.055371956,0.040858934,0.552503565
41.45074486,30.67205093,56.348989,466.2523794,0.337068026,0.039052881,0.046605553,0.445620779
43.99599827,32.15810186,80.81813125,561.8469826,5.889795332,0.033229688,0.044180617,0.518752302
39.51439017,35.29766523,83.58541231,365.5985171,9.420594951,0.051758688,0.037327023,0.304395223
37.26830392,36.25971477,33.74745562,433.8197625,1.826651744,0.021995583,0.012093314,0.25238531
33.36486073,34.36246152,83.00788578,366.7541344,4.769329958,0.093497116,0.041313945,0.205144843
43.65456967,39.11047392,56.89914332,593.8357834,1.005077719,0.088093189,0.043820432,0.446946952
42.32127779,20.36465165,60.62594934,554.2434768,6.294250931,0.073685853,0.041963286,0.736312213
25.9043734,23.91555971,67.59555067,563.1368553,5.550263638,0.019559244,0.030339161,0.350472612
25.52733949,20.1512575,85.5829564,584.4913079,4.13291869,0.079828953,0.019316074,0.375421994
32.52926734,32.94949428,31.14696567,371.2758715,5.261632513,0.08271616,0.043813199,0.325348763
41.21106662,37.96061098,58.6106081,446.3993981,8.976089119,0.079098816,0.039086512,0.400109037
44.74552259,24.86964593,71.26332255,367.7587223,2.043313593,0.02025693,0.049230447,0.51516511
28.00833782,38.5406909,73.36241746,402.6982754,0.323388666,0.067951716,0.016227704,0
36.88261431,21.20534781,71.55194589,407.3414443,8.630482359,0.085089232,0.019026583,0.509039845
32.61781713,38.68872054,38.06610776,467.2768028,5.813459116,0.061961806,0.018471926,0.223158758
44.39828796,27.03245374,47.9637353,417.1405419,8.917518709,0.068176664,0.041701591,0.628876902
41.84237846,22.02841657,51.52293153,375.2445267,6.009757712,0.051252713,0.017476292,0.549800761
41.76657409,29.71743518,78.26623246,391.8727723,8.120594791,0.057583659,0.012666393,0.396707985
34.3738632,25.13553135,46.72559234,386.8188909,4.353766297,0.013093917,0.049942432,0.426422945
33.29639005,25.69745804,42.64229783,593.2691995,7.52361332,0.067506672,0.010992688,0.513234682
30.46814144,26.1457993,87.44688114,539.8231267,9.139110522,0.017330249,0.043409762,0.395033343
26.12750993,36.06051796,30.53179711,591.9403663,5.764017341,0.049151313,0.024614674,0.256617675
42.29444753,30.78322553,89.86925134,459.9351216,1.889772991,0.036338959,0.043664618,0.394798568
41.25802018,26.22615398,70.60927793,419.5921204,2.761096389,0.059088516,0.03218482,0.462571437
44.99435347,32.20667567,79.70815797,549.5732993,2.066581311,0.02200747,0.046065249,0.488730555
44.93273674,34.32301348,47.67716378,431.5634795,2.543884573,0.072247906,0.047047719,0.47899757
36.10863411,25.45248001,30.85891666,424.8458434,3.133512949,0.081551038,0.010363927,0.446526641
40.3797483,28.27098203,74.27217111,408.1264981,5.595824489,0.0247019,0.013016487,0.374413986
43.8953146,22.43772187,80.04867582,382.4197446,5.921117132,0.019388178,0.020014349,0.511609937
41.99294781,23.62298699,74.42856792,414.1157653,4.322347498,0.023096393,0.036772617,0.511848601
29.94696203,33.62235708,38.57101724,438.8299371,6.19266572,0.088941481,0.045530888,0.31480878
34.01088271,23.62876695,75.20567534,518.498552,0.907591764,0.057537034,0.028397678,0.411441423
27.5831883,30.50326767,76.13536693,365.6412106,0.969103547,0.05205349,0.034278925,0.114668352
44.08102055,34.18092523,69.51243094,402.6267349,1.801111658,0.019604064,0.017539994,0.313845841
37.12349269,22.13753846,75.96695597,552.2559101,5.228967231,0.068460041,0.042198673,0.580111941
29.57285611,31.34624439,80.75528638,386.7304809,2.218547319,0.088119963,0.048693124,0.195785207
38.43401369,25.13125567,66.81624685,435.6612866,2.904515595,0.084536728,0.020743957,0.443409841
37.36256481,39.2585375,35.31628284,566.1647305,4.063097078,0.066344924,0.029793038,0.362120218
32.16325436,29.67091293,59.25766858,388.7313278,8.137474628,0.016775084,0.013444644,0.2612525
27.27115184,36.119851,34.65896008,370.6842089,0.237235146,0.020115732,0.032365466,0.078674569
38.43146391,31.00453084,54.45258186,471.1344988,6.52885032,0.014437809,0.030111338,0.415336548
35.40615402,20.86825066,54.42638935,425.6048778,6.721877657,0.033173129,0.015777459,0.484476862
40.44636783,32.66302751,33.96059065,490.8520911,8.006692226,0.022209532,0.027682649,0.487660504
35.40327002,39.02806684,50.92923204,550.9512226,9.334254097,0.033404324,0.023364186,0.317488595
42.04363001,32.0322364,36.65988593,384.287122,0.299364705,0.044655225,0.030873235,0.394502529
36.03813678,36.38377719,78.4941126,495.1747711,1.622458685,0.094868451,0.033426173,0.25509755
36.21875943,37.68412927,86.86128156,476.3771901,8.873095811,0.064933845,0.010339823,0.220535361
42.53307205,24.56159544,34.33898852,386.0196965,4.639333766,0.085147641,0.040440239,0.610325103
33.06965732,24.2408968,87.30691244,505.9996214,5.689447325,0.073931635,0.038520572,0.431147551
27.68030457,32.21961978,61.35459596,418.4101045,6.663969317,0.020125282,0.024651455,0.171713072
25.57565353,28.2205694,47.97394068,471.9585796,6.822759385,0.076232837,0.012117437,0.265487499
40.10274511,36.79722606,34.61172452,370.5680811,9.324229993,0.034758899,0.040197302,0.387022057
37.40619103,38.00046247,60.03745608,464.8960143,9.969799232,0.067519706,0.048207006,0.369226212
39.08159536,27.06842759,77.67093267,426.615867,7.229558863,0.040686578,0.019606064,0.414689344
29.25928323,24.73741118,72.42518864,555.5953028,2.943489971,0.099790504,0.022940985,0.376068878
27.72742951,35.6105103,33.01356069,364.2446817,8.809548783,0.033719633,0.017352516,0.156050731
25.29089331,25.49612071,34.37411012,454.6518187,0.587287054,0.035121742,0.033077445,0.280347864
32.01175118,36.45228637,54.17239696,464.607856,2.387700443,0.093760503,0.016193656,0.192515924
36.79835374,28.47476507,47.71742964,531.2515191,8.984118603,0.012217996,0.024247758,0.49093917
32.8448809,33.35099799,43.94305938,493.5718938,2.636295993,0.072702009,0.037880521,0.32863415
33.74949844,21.91070628,46.86026993,516.8030843,2.28444549,0.075279375,0.032404639,0.521075406
43.08317389,32.47718649,78.2089646,544.2623214,1.467440402,0.085274072,0.025458503,0.438063707
31.96510934,29.03535357,85.75368322,565.5507434,8.605206401,0.097699538,0.026809984,0.393220973
35.27978978,31.73216926,54.30616167,428.4688742,5.050576766,0.097804173,0.032484435,0.359607654
40.67306025,23.36028415,84.36666013,484.5056763,6.78144271,0.015874908,0.010234589,0.485195563
32.93085565,34.7374749,49.28974207,560.0270196,2.466757202,0.083965539,0.013140395,0.291461951
37.441734,37.25594155,58.58621918,597.3627827,7.604600168,0.068167894,0.045250323,0.434848505
42.24727417,24.334796,43.56173987,572.3798278,7.624054895,0.068260792,0.01311516,0.669505332
43.99041247,21.91429111,68.42856253,442.8668157,3.194720447,0.021551493,0.038272144,0.591348145
27.94146962,20.47277172,88.73886691,398.7916293,4.165758067,0.068516845,0.046801527,0.340815466
43.5317525,32.83943001,66.20958576,472.3481344,2.175933747,0.098423432,0.020827344,0.424692611
34.84232586,32.14188072,51.46884505,535.410363,9.767954131,0.092063671,0.024819657,0.444866342
30.16488777,30.93394825,68.86904676,473.1422677,6.491465513,0.049521759,0.032756856,0.279031547
34.18271512,24.63894192,37.37524071,470.7952158,9.351984419,0.013595318,0.045268359,0.54128124
44.60065151,27.81811992,83.31954482,559.5576053,3.103516882,0.042606414,0.047676223,0.575306802
34.85236188,31.8895267,60.18503705,440.3509448,7.840720039,0.084375128,0.03958253,0.38100568
31.57503221,29.93533718,56.96098452,564.9486687,7.682000574,0.073134919,0.01346479,0.381599399
37.66801709,39.7557104,65.15188731,451.7012002,6.947390953,0.051340929,0.036766166,0.265990559
29.80291238,22.72879505,67.48703177,432.0582764,9.659825855,0.014959138,0.026412149,0.384348905
26.51726656,33.90289108,34.30654837,463.4974778,3.996197827,0.048420526,0.02882804,0.203143719
27.57759444,28.08637536,70.95703327,540.6117397,1.394101504,0.052212245,0.011965936,0.228291491
27.56091678,28.5639923,44.51590082,381.500507,6.749917707,0.093569998,0.017642486,0.263388441
28.03805387,34.35195531,72.83715795,399.104804,7.320167025,0.067697749,0.041620544,0.173057777
27.77654345,33.84872303,79.35208766,587.8612064,5.793099677,0.038048762,0.028158353,0.22012976
37.8174949,39.82511987,78.23751045,393.8729068,2.147497142,0.057278644,0.02206649,0.131973996
28.63760169,22.56788579,63.15005804,491.9318295,5.094113823,0.015944978,0.025360763,0.365609589
31.91334567,22.08219299,61.21019354,494.8286167,3.190678392,0.097531141,0.044175981,0.490799541
42.9357682,34.48677634,38.57255768,472.4061155,4.331918629,0.042405391,0.039959961,0.475924227
34.47923281,31.56773834,76.52076902,511.1863121,6.487663901,0.053008062,0.020892616,0.323420062
38.35115477,25.48321333,46.28456283,407.4566814,7.477625953,0.041975558,0.014700074,0.472956132
28.44639742,21.58838738,59.80172537,488.1655669,2.39902444,0.071426056,0.020079929,0.37288718
28.84578038,21.71316499,47.05644558,443.0433138,4.11272107,0.069600894,0.046830258,0.445423117
25.81737233,37.88381749,38.02970178,515.4168149,2.764699553,0.074379008,0.033263554,0.161491169
28.37870126,23.83734649,67.77346181,385.3058858,2.066452977,0.034132891,0.031339208,0.258707676
30.57180678,26.46743124,33.25992209,492.7193542,7.855533478,0.038410163,0.033855744,0.450253681
28.54020969,24.53312804,74.91871405,396.3175888,9.101601675,0.021272611,0.024641131,0.293001015
26.77405068,27.09992612,49.05520772,419.6607658,3.765298638,0.068995897,0.042284281,0.295191534
27.41271742,21.38847685,30.00808158,404.6774501,7.537661351,0.013581741,0.03093145,0.41320854
34.21557536,30.38119582,60.66774835,395.709445,8.980253365,0.06379141,0.014669916,0.318478314
29.12667437,21.35225127,32.81111451,556.4277379,8.476629684,0.08827263,0.015162605,0.541853005
32.28539722,36.00713016,46.57017347,421.4268919,1.909852547,0.090174893,0.031474366,0.217302765
35.06834542,24.67424164,72.41858925,581.7809455,9.567289627,0.050413398,0.047462809,0.576342262
38.80789657,30.80023829,33.7613773,592.4816313,3.82909676,0.051337332,0.022334085,0.51471656
25.7862428,37.60158175,80.36030954,492.8151175,3.458482546,0.016927226,0.044781647,0.06853476
40.98820798,33.01754738,30.22919536,385.7502807,0.71807014,0.070368852,0.040563823,0.412015122
37.55800779,30.65915573,44.80943215,443.6370608,4.913119176,0.083913348,0.019912498,0.407857866
26.63518064,26.48667506,74.45424337,549.4330658,1.179234795,0.032018955,0.01145363,0.223836527
42.47157248,26.66003826,48.97620898,441.8476822,2.560544227,0.047917079,0.014073891,0.487852502
43.41744801,33.3897391,36.11354328,371.7543046,3.237731955,0.08549554,0.039139757,0.454673443
26.2215592,39.88278722,51.61403513,489.1962277,8.107380603,0.088940842,0.01798679,0.123227824
30.53755296,33.2367838,46.22359718,561.2802129,8.767337639,0.031886198,0.024850837,0.344451389
41.1240256,31.15566835,80.56271413,548.9815968,3.094416543,0.059551357,0.030067967,0.438613023
39.96519381,34.6130102,48.80087506,393.780785,8.6011114,0.027324384,0.039018727,0.392012418
28.69042039,29.30411225,77.33594831,518.1911536,8.58658628,0.019169089,0.014529249,0.260932631
29.18698647,21.20284685,83.51232869,405.1260659,7.670044409,0.092000845,0.026254656,0.369007395
32.40944206,31.24593632,56.02904517,404.5518836,1.552281629,0.083845675,0.029402916,0.255540618
34.6904597,39.15250569,84.59658863,568.5179433,6.934196184,0.078403141,0.031633083,0.26233455
37.36509543,23.50605885,52.63908324,412.4172382,9.455738239,0.014388969,0.042734426,0.54113748
32.37827279,33.80009782,87.84470499,415.8118366,6.85715074,0.085935591,0.016867128,0.18632205
34.25069432,24.01867377,35.35737147,350.1633477,3.383006806,0.049423967,0.042313258,0.436264162
39.94941876,30.71655369,71.22115599,567.6672585,5.055735243,0.040815561,0.037715137,0.482279291
25.73366406,21.93352899,59.62884243,548.1487033,6.492677929,0.059182872,0.032234833,0.419421579
30.04873889,29.00741873,53.25892833,506.8322338,5.154647046,0.018221792,0.037981115,0.340862202
39.26699172,35.12326658,67.96271272,537.566441,1.287534123,0.078098189,0.02648071,0.347799896
42.90413675,26.95143048,72.2314255,388.0121419,3.189434042,0.062419157,0.015535903,0.42776346
35.23354884,33.29823449,30.26179618,464.5808986,8.043720702,0.026793109,0.03663061,0.406284957
35.64226971,35.90899922,40.01718532,437.8048468,8.628038656,0.026940898,0.030986892,0.330105485
27.14344023,38.54355639,72.78276304,373.4441316,1.459270324,0.026582379,0.035574992,0
33.94824734,24.69284164,69.98312481,471.5326213,9.528628849,0.015130215,0.023519951,0.430931113
35.65234533,27.98631832,87.96285031,580.1849126,3.355343917,0.06290186,0.046274663,0.442395375
29.84941007,23.04832027,75.66226742,360.0147798,6.656906013,0.085631336,0.033494795,0.339876088
30.38486462,39.84967004,87.04636246,422.8652284,7.543068945,0.011574839,0.013416099,0.026239833
32.54568326,38.54001936,72.15243009,401.8852341,8.138267723,0.014410418,0.02799216,0.135489108
25.40142396,30.79914261,47.88313252,409.5366634,9.462922052,0.061549325,0.040254242,0.259504602
31.44158331,36.84066589,36.32189534,577.108638,3.197903525,0.083754612,0.041765382,0.334623177
29.22896014,30.41915955,76.9094318,467.0172636,8.5992139,0.0394065,0.029783882,0.262611457
31.54994704,32.47171376,68.64895329,466.5748532,1.403700344,0.041465296,0.045789903,0.244248195
27.39524264,21.78248864,32.89116074,540.1439106,7.079904973,0.063671185,0.020706737,0.482156206
42.81054561,35.10540841,51.60302795,388.623051,7.445579522,0.03467916,0.026423948,0.387893241
36.87184907,22.55426967,87.40798893,471.8163385,6.809460088,0.012394753,0.045943876,0.493534826
38.58204638,36.52135261,60.02406874,457.4963035,2.597915888,0.076170567,0.045850269,0.333185725
40.78342477,35.64056175,55.96374816,499.2276726,8.743127155,0.066308492,0.037428511,0.455337455
34.96884398,34.17489395,57.46197631,599.8894258,1.771698787,0.06226804,0.044359222,0.385282355
26.73840576,20.72320761,42.53296344,542.3622235,0.630984436,0.076751572,0.013550931,0.398382069
35.74213084,26.06256712,52.12243025,449.4664258,7.202903407,0.070770775,0.044599799,0.506922034
36.73682236,25.2622514,52.18879536,556.8882631,4.807209581,0.028529379,0.022824796,0.51133488
39.90878948,27.20272815,33.14130121,392.6770908,8.506070398,0.041723294,0.01713326,0.502809506
33.63319092,21.75285494,76.05405771,357.6159216,3.895631696,0.021349913,0.019574793,0.331327674
27.55160606,38.73915646,54.99026591,401.1120931,1.765958026,0.021687131,0.02671874,0.023626544
30.67551812,31.07604481,79.33079321,435.102889,8.380777705,0.070857617,0.02004768,0.245323666
32.26164593,26.11048621,81.02088007,477.6451894,5.534205353,0.08727401,0.022822703,0.357588374
37.91834483,27.93963034,42.71964328,503.7822851,1.973038345,0.096645933,0.015399139,0.465341145
36.41556609,28.94405081,69.44120893,577.6514293,7.231801586,0.066551241,0.021847071,0.466540462
32.12193452,32.01188667,58.33690825,477.4635024,5.160025021,0.026569119,0.032891353,0.292232565
44.73030498,30.31358855,82.80940428,475.3189112,6.082698524,0.019508531,0.027674148,0.466169548
37.11549639,38.38783946,42.94444075,362.5607525,4.662893548,0.083156587,0.02386875,0.237234811
29.74453583,29.93926966,70.66879202,358.7278882,8.30421894,0.062088083,0.039858085,0.254585809
27.03564945,39.8431603,66.46512734,487.7899905,8.312670885,0.065645652,0.045740399,0.152253899
28.05718278,37.02849915,47.71808865,459.5446533,7.122949336,0.080331588,0.040271569,0.218687978
29.91915457,24.17021029,38.19605422,559.7950987,1.143473636,0.07329495,0.023280028,0.436110327
28.21362747,38.61190429,69.09838563,390.1698962,8.404653233,0.085101243,0.039777687,0.125685264
28.73134048,22.32732796,74.31584749,356.2429155,6.743028507,0.015059251,0.016079207,0.26469658
30.70190337,36.34899417,48.93764063,462.259692,7.000539243,0.077276857,0.01521272,0.218196341
28.46747191,27.61246587,68.68995624,409.3696392,3.69353012,0.086576748,0.023825081,0.239795806
42.93530849,37.55948641,53.70785446,362.4035933,8.804867606,0.035752154,0.042308095,0.376580543
26.60467491,37.3611338,72.792413,531.1495717,7.281178842,0.067640255,0.01985393,0.13734135
35.49022779,36.118508,41.95291649,377.89825,1.214645619,0.038274586,0.012530136,0.179124655
33.20793654,35.80060873,83.41290016,502.079875,4.137002541,0.096217396,0.015268381,0.202954856
44.64757234,26.09358278,47.24457579,420.2624375,8.875165583,0.013008122,0.044349799,0.628487458
27.24077804,21.61838566,52.06715927,393.3740126,0.567247347,0.062181356,0.035351331,0.319314181
32.95711198,28.05960358,33.48551712,444.9378807,9.618024534,0.024985319,0.020128047,0.417280827
44.38940867,23.4704903,36.69073274,550.3614441,6.823709426,0.074099818,0.032211833,0.751248764
42.31014252,33.89902178,60.95171416,448.0233942,6.350622179,0.025830126,0.031103185,0.410116194
41.34144142,26.92199453,46.0555606,537.6924123,2.778536639,0.031184494,0.036217439,0.567027968
30.15805654,39.51220402,80.12881354,381.3715742,2.563038709,0.054493373,0.019327502,0.000431036
28.41775175,32.81944155,30.88160332,543.1928549,9.426376373,0.092335145,0.044576119,0.413309045
38.3728644,36.44961127,52.74564292,409.2333312,3.052897297,0.029054293,0.022374742,0.250626368
43.58751978,22.65049345,50.24073281,519.3482825,7.777502438,0.022981602,0.037765266,0.700916283
36.13525786,37.24028965,31.15965786,491.4453887,3.991905802,0.078307915,0.010644986,0.305230396
36.43225379,38.45514381,37.46210394,582.2861793,1.478615301,0.055055758,0.024906285,0.324207862
30.59958187,29.74123838,54.8185605,446.8306295,0.206081447,0.09206066,0.024068393,0.258422683
40.38985866,32.12505876,59.57187507,366.5412972,5.488147636,0.02319531,0.031739377,0.352975712
28.74087497,35.29619602,54.25738484,354.7888714,9.760210304,0.06813351,0.01290945,0.146961176
31.47358473,23.49677255,61.8562607,556.7146402,3.754448319,0.030959123,0.041605255,0.464179812
33.50872877,30.05132153,65.70790049,481.1839094,3.636204107,0.024108439,0.018711232,0.288451785
35.15220757,27.97326056,30.59542927,543.811013,3.506507017,0.071508647,0.037081513,0.514941321
29.84819465,22.92747984,57.84570957,408.6064,5.253383989,0.063431616,0.042128485,0.398710475
27.29673649,27.35068845,87.80995445,436.2709364,4.462582346,0.077934471,0.032475078,0.223822637
37.21240085,21.36344619,61.14193681,357.5259681,8.811154805,0.037851632,0.039635328,0.522123002
30.77261106,20.51623814,70.65253605,590.3730811,5.104655838,0.050317449,0.036474412,0.516174851
36.62476443,22.70332578,48.71183148,516.9669767,5.126802598,0.046492451,0.024221192,0.548456177
28.08725431,39.26230223,76.43948269,583.3012719,1.469878788,0.098568052,0.042354342,0.156992528
34.62280204,30.99059072,76.37528891,416.3741019,9.829121455,0.036302406,0.021788055,0.305207792
35.65178865,39.31644322,61.27776286,502.8659028,2.57473162,0.036533551,0.032848517,0.220240668
26.03647074,28.64995757,88.5608294,519.6249921,0.826304268,0.041909339,0.03981591,0.191687078
31.73208556,26.23632266,37.53301289,429.3874251,6.665147865,0.060813467,0.025158236,0.407873321
27.68829354,30.12283726,31.01685989,562.0273088,5.994127065,0.032709047,0.022110704,0.346747169
26.26749941,28.79023377,76.20949271,586.7903657,4.209941975,0.092376095,0.02837384,0.294326632
44.79920465,22.11329369,78.42933224,571.2137794,4.279703115,0.033911701,0.04271854,0.68403414
31.4470769,32.81652629,37.21243375,534.766744,7.872132818,0.090623416,0.047196871,0.432950766
41.19748892,24.32076365,45.93496998,419.3661699,2.037555137,0.019312756,0.031803337,0.513415969
30.0928131,32.3917591,31.0531418,420.4040105,8.220507858,0.069090643,0.036458648,0.333020683
38.63005444,33.00402185,47.59851665,590.8400801,6.522596428,0.091628697,0.046130945,0.542625739
40.2045572,23.04049706,76.38851244,352.571124,4.24780076,0.025187449,0.013941874,0.406346092
36.91277481,21.22699254,61.07763166,529.0124933,4.634483304,0.097149426,0.019283143,0.569710581
34.43152377,35.61523172,50.88573559,526.5615406,2.640807351,0.050759502,0.038356,0.313725951
33.23681828,29.19600848,52.30435769,505.6723852,7.545931894,0.09511436,0.042949778,0.462363728
31.97736533,21.16327591,30.08121754,597.5272115,5.177459949,0.070913804,0.044281161,0.637173146
43.59058288,39.89732634,47.98803165,427.9698589,3.276459973,0.037142818,0.026604287,0.31444254
41.61238816,21.15561122,68.7875245,434.9929659,6.000896146,0.026947227,0.013573596,0.541358929
44.30053821,33.90070458,88.45166663,369.7348507,9.957771075,0.037336154,0.027511259,0.374603221
27.48594447,39.67357851,80.82364962,460.6995341,4.409096569,0.018371567,0.019229384,0.001505793
39.6173495,24.78360208,31.41569788,415.2621316,9.214844868,0.022948117,0.021647858,0.560584065
43.76680914,22.84498737,83.91363628,435.8466755,3.515666715,0.01941944,0.040890702,0.545077672
28.62466132,22.42769879,76.9919048,558.6429476,0.641853799,0.048064919,0.013021083,0.326846524
26.32992535,26.06550295,76.82256741,583.8711284,2.121996853,0.081602054,0.043103249,0.339135793
39.82241299,22.02091622,57.47974554,396.433268,4.245081919,0.02272452,0.027106763,0.505751024
36.48946226,33.84322683,53.88031758,443.1272329,2.274385793,0.021728839,0.033842557,0.291748863
41.83657554,21.24583596,48.17494373,582.1576405,0.102247678,0.067908605,0.013586089,0.634545488
27.79544753,30.18844256,33.94169154,365.4521152,9.158515224,0.027746468,0.023494363,0.255547078
40.90534624,39.93393708,43.69412181,373.090132,8.454406171,0.018784903,0.013588037,0.263120969
29.0325464,36.27940539,44.7962181,390.6977473,7.448693092,0.025016372,0.048461749,0.202795083
28.27311886,32.30438876,59.04462418,498.8032085,1.761364497,0.093135826,0.042290466,0.255454848
28.28531596,26.12507242,74.8466644,387.6180678,1.291599404,0.083932413,0.02838531,0.219094229
41.2914944,32.47791673,58.4285897,592.0190954,0.76928702,0.041865811,0.018944102,0.4358855
38.30394441,30.54082928,33.47066697,461.6786318,7.267888969,0.069023869,0.047338204,0.52614292
35.4613085,28.52166768,87.46738806,475.3794901,9.295198811,0.058354811,0.023783864,0.381024292
32.17660968,22.61420753,86.56345915,411.664654,4.362304627,0.070941184,0.016439377,0.328842701
42.54401082,37.7320843,77.11137259,467.7400631,1.279492653,0.071440404,0.032526576,0.306980396
32.84890215,28.99569298,89.47967409,515.4784082,5.172688925,0.066586061,0.047750965,0.362500893
41.33198879,23.89245024,62.66893997,537.7942842,3.553435884,0.033949123,0.010153212,0.539186651
33.78269817,27.35518702,87.76610102,538.4670207,3.810766751,0.013510578,0.019524994,0.324301133
32.53888859,28.28259505,34.53630244,494.4727782,6.251173179,0.05100101,0.047537906,0.468799807
34.25359571,36.55075791,51.9408449,576.0899437,7.215309321,0.09018765,0.016843439,0.345951477
31.02755748,34.67228761,43.52287608,554.3519618,1.194975629,0.061254753,0.014529738,0.248886352
39.9521876,35.38609787,41.74998505,539.2620287,0.452343285,0.084915194,0.032807489,0.41571069
35.0544078,20.22062529,38.44817693,363.9013804,9.943869997,0.099246191,0.044473753,0.606794296
29.6442539,28.32307996,67.34481849,351.7194906,2.404010654,0.024725458,0.029084393,0.182052462
42.99149147,29.62688303,76.87931134,403.1118193,0.632922197,0.072259988,0.04978257,0.43396656
32.67782443,20.38384554,64.69790397,515.8808985,1.979765758,0.070686422,0.037166868,0.496310998
35.87105722,25.19626417,38.81776258,452.7993722,0.485682679,0.09819599,0.012962996,0.434721601
43.12944222,35.20579646,78.6674262,450.6015648,3.978927857,0.098704066,0.049713285,0.418372301
37.48475992,22.74219411,68.15728243,571.1467221,8.043777666,0.071801075,0.026315769,0.601224374
27.33796081,30.70620263,53.28994237,573.890712,3.478320053,0.031925331,0.021496101,0.267600742
43.79664247,24.30403744,70.44781773,577.293816,4.497415728,0.081870025,0.032315167,0.657901839
37.55416106,20.24241549,45.59429875,428.4695191,6.788309058,0.019632622,0.022172304,0.554925052
31.69811229,24.82402915,50.71153251,522.7639532,5.138051294,0.080262937,0.0134583,0.430649219
27.78544145,39.5174751,85.04915059,417.9082953,8.628312292,0.091917651,0.010057134,0.035290354
40.88050379,36.03074224,47.43027034,397.6524583,8.673753183,0.044455006,0.027983334,0.376258822
37.40145512,39.19153289,58.19929609,396.1581143,0.198115885,0.066757177,0.043474537,0.204963853
35.66922184,29.75708088,83.40846824,435.5269052,7.802658434,0.048712846,0.032892607,0.347261684
42.87785166,22.19472397,72.46328102,457.4894049,4.661262642,0.049398855,0.049968292,0.621745762
40.77194422,30.95918978,33.73219357,557.7372928,9.889521359,0.03793338,0.021473866,0.574991695
28.03349759,29.08754669,38.83818266,379.9727734,4.883997551,0.078591666,0.021218203,0.254014727
31.23444136,36.88714165,30.47049545,533.7314618,9.870269859,0.094255891,0.016389978,0.337465282
29.9697828,21.96165162,67.85530741,482.8637285,7.570236676,0.094667577,0.016562544,0.428298964
39.87892585,29.76482274,56.86040552,421.9863357,2.561188358,0.025730316,0.021407464,0.372588609
25.67064869,23.00097329,38.05649105,473.2048961,5.430110295,0.088726928,0.041713602,0.422616533
36.3977937,26.49351854,87.47604726,424.9855174,9.922142831,0.07636883,0.046230272,0.458374005
40.24917371,34.74714155,61.77958344,499.0204888,8.589553017,0.032755366,0.049003487,0.454165828
42.53531274,29.52036259,44.51359765,458.4609807,1.063932249,0.016055615,0.019291586,0.441538898
31.84163497,27.5177657,60.03621427,391.1013823,7.093082768,0.034119754,0.045251902,0.352264818
41.42514609,27.88952557,70.77721996,379.1457686,3.5212379,0.092098741,0.023130204,0.420025106
27.21263474,29.18893537,34.57435308,486.6739205,0.169124393,0.066986081,0.014513622,0.245446364
41.92904583,35.70033088,46.4822289,575.6032583,4.094461593,0.074894919,0.044800997,0.510051006
27.54977325,37.84169378,78.41792945,435.9894216,2.424068775,0.033143712,0.035444225,0.04178806
32.94574581,39.10669373,57.57989222,533.2500268,8.206805778,0.074744934,0.016589236,0.248834061
40.94590732,35.73806773,62.79462852,514.6653387,3.439573028,0.012530936,0.02719325,0.351583078
27.99834855,26.30813791,55.96896013,582.8887286,8.29248457,0.043778921,0.021490308,0.402633609
29.5850279,33.76269412,32.63399656,555.2452543,0.105919594,0.066407801,0.039471783,0.304243162
39.44505137,28.75206248,39.94498679,491.6513147,3.147409585,0.023148691,0.028136649,0.475510377
39.40073073,25.09341244,56.73249832,514.2576246,2.487535622,0.084070322,0.049571198,0.580059583
37.82295266,36.81743159,42.55112792,574.5966166,2.412316875,0.031152817,0.012189799,0.329823227
38.87896889,20.76852698,32.99874172,449.8796961,0.775047536,0.0687053,0.024200611,0.574201752
35.85448887,38.03523984,80.61897984,431.6986765,1.952530277,0.046467743,0.029276007,0.154200418
30.03598118,29.22954929,88.87155175,352.7027709,5.599940742,0.063643924,0.030125342,0.184853523
31.91391987,32.74402954,77.58857244,556.6377685,2.984474621,0.01967055,0.022637433,0.240478648
28.63195434,33.18707844,81.2270953,550.2451751,4.232208345,0.011522152,0.03916961,0.211233308
43.16901123,37.90235481,44.51862782,376.1136295,3.830982115,0.091860798,0.044989883,0.385117411
36.6678359,32.73339364,87.63761853,494.2143453,8.771458757,0.034266701,0.047548772,0.374149928
33.01702834,32.2786717,41.81554227,465.9954245,9.06246009,0.08377093,0.042203735,0.414697413
34.24011607,21.33304081,87.08578862,379.6772739,4.980274019,0.099941527,0.044023208,0.437967911
43.94566679,30.36816044,89.68915764,595.1420568,3.368543908,0.029028813,0.032021812,0.49719049
28.06702806,23.00338002,72.70336834,403.6739719,1.15732697,0.033865367,0.043035529,0.282393026
36.72459664,34.74867537,88.86862391,366.808545,9.538688506,0.069657381,0.022140156,0.238458508
35.11777358,30.24443842,64.17238677,498.7118449,0.696246755,0.096890377,0.02593915,0.346141653
37.22908471,33.60455558,45.57250699,534.7166693,3.046737748,0.092423291,0.022676521,0.399709518
25.36220368,20.83345801,56.21975314,358.1108615,3.050855392,0.055258797,0.028695493,0.28041588
42.44247818,21.69584032,65.61365612,514.6794097,3.271972733,0.081559925,0.021423185,0.615872599
43.64236565,34.32646776,34.38489372,483.072969,1.726439748,0.022217127,0.048464458,0.485430236
36.30266367,21.44168672,67.34059588,375.8162522,7.853298166,0.097969437,0.022513785,0.491129461
38.93301648,21.42513456,88.87067021,393.1309692,1.312728833,0.096791791,0.013921782,0.417630099
43.44998762,20.2421695,41.40645899,491.9935743,6.385575926,0.024735606,0.031072687,0.712077252
39.14477269,39.13002797,77.55570698,424.0894034,1.326075664,0.036948081,0.012283963,0.145880867
28.05078086,34.75016719,84.47392763,584.5789322,0.798302812,0.01901395,0.014421727,0.110942779
36.5257672,27.06502817,86.62209557,554.6850574,9.103352086,0.034454584,0.018775576,0.446750632
37.13430093,25.93071163,87.60813626,595.8918016,1.982274787,0.083436021,0.02857401,0.470265016
33.48261343,26.99406459,61.28757832,414.9177097,8.23037653,0.044048405,0.027330037,0.379180293
39.72888471,35.49307062,88.63847448,592.4309082,5.491845624,0.017955727,0.041987674,0.38382629
43.6873403,33.22741222,75.43861243,457.8084674,0.870779544,0.040800297,0.039578986,0.389432621
43.51137026,23.70391136,39.70028617,436.8796988,9.558937095,0.0983245,0.027052732,0.688503674
34.01678743,23.48218671,58.61400639,362.5873817,2.544915553,0.066671524,0.023348168,0.364359282
27.26476092,21.96791299,73.09987052,363.1913145,8.610488919,0.047454485,0.022658751,0.301614249
44.69682398,33.20605439,44.84041895,523.002814,1.771219057,0.024988466,0.040959803,0.510099195
41.77796173,35.28745324,68.43691101,464.4822486,8.554034533,0.098755912,0.012082896,0.394747757
27.49325362,25.30092857,69.99602874,406.6304065,0.230965248,0.083876411,0.010512866,0.194336977
43.41683765,20.41889922,39.76198463,503.4925766,5.16662652,0.035332957,0.041821776,0.733514887
42.39792724,21.64343335,63.90511875,413.2145296,7.717481536,0.016306183,0.029085855,0.585689999
35.37676114,39.3572007,76.29761466,494.4079386,9.354475623,0.0150963,0.015235246,0.201925898
36.82550871,25.90889555,59.93373987,439.8021867,9.101101148,0.020834033,0.019422637,0.448952946
32.98005408,35.38446296,30.72618701,555.8880567,8.214286209,0.062269173,0.047300158,0.431487683
26.09523278,32.49327138,30.54230814,555.1740402,8.893094362,0.093588708,0.044380119,0.384136726
31.70394483,27.63879279,51.42176064,469.3375995,2.07227489,0.054706909,0.038391402,0.358660478
41.05706897,24.11374524,85.57164411,437.7047773,2.913424528,0.085865093,0.029289009,0.483217568
25.09264046,22.42772836,43.72060678,440.6399491,2.960788397,0.050129796,0.030812945,0.325880021
31.66998343,32.30025936,68.06182133,551.4286314,3.832833917,0.073772519,0.049009781,0.347883283
32.96337387,35.49267561,43.32455224,432.0448707,3.993874637,0.075868546,0.048630818,0.297243645
35.74791206,32.87808507,49.30019938,402.2648434,5.491097714,0.025656734,0.018610762,0.283636607
43.39711233,30.60604266,80.88252538,371.1720855,1.682809657,0.042509445,0.042444183,0.3785665
31.92691989,20.83902447,73.73168654,466.6732802,6.943341971,0.067357194,0.017889707,0.438838352
31.93906404,39.36977555,35.72395664,470.5330247,1.758908739,0.016362695,0.018541499,0.14483395
39.75002496,35.97428383,55.72212126,560.2271776,3.172053973,0.042538617,0.037043721,0.402181213
34.04435882,25.85644073,31.75018582,405.3096741,5.083116793,0.058131952,0.026200044,0.432989354
29.49209646,39.59940659,58.8534088,445.2478184,7.984761559,0.099660204,0.047261776,0.201926182
34.04879032,32.03763179,69.7460407,552.1014347,7.420745409,0.052708021,0.013560389,0.341629559
27.81714041,31.64845316,37.11015742,555.9059027,6.490790128,0.083445108,0.030461026,0.355574729
28.52773973,34.96146359,47.33309633,446.152769,1.64215528,0.048886056,0.046740861,0.19443219
34.96735545,36.23539576,53.87019753,464.7810058,5.515748922,0.081675165,0.046164546,0.329163728
33.37850899,33.12957215,85.17186148,425.8214727,0.965720368,0.063587332,0.016261169,0.153105357
43.29691802,22.56191493,89.59530093,583.1387196,3.83589545,0.08979359,0.024665508,0.625039445
32.24787798,26.76535012,32.69467794,379.6609414,4.19381365,0.04698483,0.034764856,0.375087918
36.61176701,38.56167281,75.66047541,583.4373558,0.494133251,0.064387398,0.016375795,0.227429592
37.64528576,24.49231224,52.30344398,520.966613,2.812482185,0.066701681,0.048720887,0.567338092
25.26188913,27.44334048,53.54749117,482.8930382,9.560929726,0.047564465,0.046589973,0.350309095
38.27074744,28.64153766,75.2558984,358.1647652,9.540962818,0.022988084,0.016678007,0.348714103
28.56071934,28.78809979,85.10558593,468.899048,3.588037837,0.018420347,0.014846218,0.172273158
44.22140635,32.25879165,87.05571567,451.9370263,0.526691079,0.01150044,0.013416339,0.316302429
27.97325456,38.86151675,64.62735516,390.304703,1.873039899,0.088618084,0.046377747,0.07651085
33.29248247,24.81385424,51.42726956,514.1024009,3.982956155,0.031282742,0.017744952,0.422225791
26.70699336,22.43002753,77.25294515,592.7877268,9.48301901,0.029035607,0.026651397,0.422248987
44.93748504,23.9494098,45.060083,490.5472028,1.497870729,0.076243186,0.027954055,0.639025769
35.04390021,37.738498,63.84444173,528.6883191,7.658806852,0.03880145,0.033960442,0.30032022
36.90770035,32.91621625,51.51470769,367.1126131,1.17595714,0.055544022,0.012869414,0.236372308
26.34152955,25.71813578,69.39786442,454.416749,9.814450016,0.024625996,0.019070345,0.282426808
39.99920941,36.31893878,44.42393477,379.0896213,3.878003341,0.096377115,0.047259615,0.368978055
29.19811186,37.22739993,41.49557674,503.1989589,7.774821935,0.086642326,0.046336404,0.294201804
42.96108579,36.93028677,85.0943452,584.6205396,3.49165172,0.087741066,0.041251626,0.42836672
29.10279281,38.37853067,36.10822098,515.4444331,6.313921884,0.046609637,0.01077605,0.186634549
28.81375441,25.0448204,60.35747446,369.2007621,2.000959239,0.078612509,0.023080271,0.256584841
25.73099336,35.10083857,43.25116698,438.6665512,1.545608091,0.022948854,0.035118349,0.11394728
34.4413389,29.21078995,32.3357978,487.6658449,9.386834982,0.01077571,0.021007608,0.442888117
36.29682267,36.83997106,32.1611291,450.801939,9.184708051,0.011797564,0.046383468,0.377981329
26.31417279,34.56981354,40.51330633,558.4110026,8.885942508,0.062794156,0.035355578,0.302897397
40.51055233,35.52894893,82.00622127,553.6677512,6.291791157,0.050985541,0.012876269,0.352057082
34.06577669,33.12323675,46.94872464,502.957755,8.101855291,0.056621381,0.046360224,0.415007534
35.48780539,23.54857539,87.02755023,443.3644863,0.783465675,0.010671683,0.048310666,0.382783102
33.81525494,30.90053838,64.89733758,413.8340934,3.414411515,0.048041796,0.013108497,0.239523252
33.01526122,39.69339479,56.19685139,376.4685796,3.205660935,0.074626135,0.031294409,0.128595803
36.19280663,38.74776133,64.80533008,438.7244209,6.392888687,0.049842433,0.022134571,0.215863963
28.10480492,20.86347472,61.00190311,453.2931293,3.623981957,0.075899729,0.025713563,0.381450165
28.63856261,23.29629631,75.52657523,518.9557313,1.570217138,0.030971707,0.017186049,0.301356671
42.23571242,22.63457547,46.94976396,514.5399561,6.005024047,0.08318278,0.033122884,0.686330036
43.92230924,34.5195982,51.1830235,367.5270349,8.162400815,0.062958812,0.048319174,0.468335313
32.46618633,36.3557066,83.64565815,448.8148289,3.883022595,0.028968679,0.030122904,0.14332563
30.41489346,24.27022733,86.78739079,395.4447168,1.409460279,0.031304843,0.013316583,0.208386897
37.87999086,30.11705386,83.55349365,389.2031763,2.047213153,0.066522742,0.034800053,0.30395552
33.17468342,36.81406056,55.16687964,556.8255374,2.451084721,0.084694563,0.02360892,0.269607497
25.50772711,34.6560309,76.82193018,360.4788042,3.068986171,0.0474065,0.044237008,0.049137689
28.12305195,30.84474411,58.580144,454.795719,6.463671198,0.033247039,0.027387126,0.238204552
39.31944458,31.80695381,59.85239113,392.0509139,6.049360297,0.088031045,0.017713584,0.365661912
38.17847884,30.16721094,42.28080654,569.8325539,6.99119063,0.070234146,0.017644225,0.515835635
25.54191985,25.95096903,65.4678182,489.2601283,3.688769647,0.050327694,0.040750567,0.289628332
29.43944324,31.30043986,41.16815387,407.8451591,8.257576754,0.053911018,0.020623504,0.273373126
29.62149593,33.77770604,49.89388194,475.6068218,2.120467845,0.028383082,0.040689336,0.225851858
38.43785487,37.46645832,81.3018121,532.8715899,4.7435034,0.066412237,0.018235492,0.279773812
25.39421076,32.72582708,42.42454855,589.5295022,8.029293343,0.042286826,0.022867455,0.288733999
27.08217164,35.22243074,34.26949711,405.1115011,1.883570613,0.099608066,0.028619479,0.160162458
40.99832171,23.2014327,34.14045556,571.545443,1.187644826,0.053216516,0.047727834,0.683336953
28.57089324,29.23114949,86.44707123,583.5760285,8.84847128,0.053729705,0.047269257,0.366575454
38.05492216,20.1866324,60.41522628,579.1051361,3.495003661,0.060926661,0.018274875,0.604488382
29.76365562,24.93357729,54.56472431,508.8535892,6.870314237,0.09250804,0.024328762,0.427078644
26.98882786,34.5292343,78.65271486,507.4551636,0.350951182,0.082073629,0.015975976,0.093019443
29.86344382,39.83619903,80.14955567,450.8026583,6.931464195,0.050601706,0.030399403,0.096032702
39.44533864,21.98356199,49.93146199,538.0994706,3.229402984,0.074682934,0.028423302,0.618867286
42.11392936,28.02988632,71.61708345,482.8235046,0.651834451,0.062761195,0.046030406,0.49176438
41.60439729,36.00141937,76.26736895,519.3595178,6.137146339,0.054313034,0.047200215,0.42165703
32.94367059,24.08071269,69.27904121,457.114476,2.483957779,0.02730842,0.025342696,0.356697108
38.36170273,31.10169899,39.09570449,532.874116,3.929391696,0.051754264,0.029669518,0.472203205
29.09968591,34.66142592,82.55298501,556.1178794,0.897750042,0.032123673,0.04584945,0.186315154
30.86295461,32.31970901,62.34567316,386.6090642,1.556916186,0.092335793,0.042268312,0.220239705
42.92671637,23.76049469,46.94834558,558.2324289,3.049974631,0.040186613,0.010146252,0.608587871
25.26003847,27.10769137,55.51369113,485.0741329,0.988619056,0.095703761,0.022802383,0.243797487
26.71017062,35.67583569,32.25426542,561.1664773,9.11718002,0.057974976,0.02687097,0.292641942
29.1577251,31.08453028,37.67200807,457.8254266,0.159865728,0.066838994,0.019188651,0.231917814
25.53064408,20.10459227,75.93280503,444.7601213,4.890216167,0.05886464,0.017982865,0.306107503
28.6287087,35.2198152,30.00069809,578.7651831,1.320149836,0.021644256,0.01151138,0.218846396
36.66083122,20.7062271,54.99394971,412.7923169,3.146022986,0.04382391,0.035734789,0.507802919
33.42849101,34.91467565,61.35061087,561.0530813,9.267989642,0.01892315,0.020500412,0.323293967
42.85343422,24.0496112,33.2780652,471.0051431,1.700776077,0.066065864,0.012093887,0.581136591
41.34887123,39.1614696,88.38468978,478.5238606,9.661739965,0.050218678,0.019239172,0.295548446
31.83634703,27.35881503,43.56751987,427.1170704,2.137364332,0.080018647,0.042076558,0.376311798
30.18846867,26.53863233,48.25192318,493.2605502,7.441504474,0.029842343,0.044059567,0.425305216
32.59384816,22.97776101,48.23655074,431.3027991,5.512104922,0.024810945,0.02932265,0.432337794
36.80589885,26.11208431,43.82499973,359.8173536,8.856339403,0.046569901,0.026642827,0.454475443
30.36127282,37.53301524,30.08842933,417.9996513,5.584533229,0.093392684,0.049114148,0.266645023
37.48297816,39.92668675,73.76068765,351.5947609,5.39213627,0.073937963,0.018022586,0.141271661
33.18823304,27.36619061,88.01072999,594.5886968,2.035034204,0.047703126,0.018614371,0.345315085
36.04094362,28.97221262,43.457609,591.4368025,1.745670684,0.056554495,0.021674687,0.460129888
33.72253058,34.44141876,69.78283151,448.7888244,9.173242596,0.017579171,0.016910293,0.242548018
30.88931519,37.72391561,74.51377962,532.0927136,3.345598169,0.098611831,0.025174624,0.183985607
43.96906614,31.86088668,80.90552275,436.4515246,3.783614324,0.069976657,0.046433369,0.449481951
40.27211588,27.83051396,55.35775182,517.7732893,7.622254218,0.035686366,0.034613914,0.552307653
27.80226352,28.25243682,48.17585434,551.3575108,3.454352476,0.062722755,0.026477862,0.336120651
42.36935952,33.91236293,49.51770804,586.6890612,9.525418222,0.019853413,0.047376432,0.578223718
34.74862396,20.06436527,72.75727999,450.053069,7.405484913,0.0969253,0.011938569,0.495860058
42.89104454,32.39178675,79.00676799,545.8244957,6.014549501,0.025730649,0.018411047,0.4373022
40.99710512,27.10986021,40.89683807,416.4821127,8.820862089,0.068322729,0.032635544,0.567932584
33.50427009,35.88394663,52.25646049,597.5830759,0.591098493,0.032090902,0.034622105,0.297162746
25.44938617,21.8598128,84.1164118,356.4423997,2.644920653,0.074580524,0.0115823,0.179969859
30.37354719,31.76404534,78.40161118,500.8822016,4.703859709,0.079913923,0.02612155,0.250716787
35.83268429,29.6194578,89.09150417,514.8764954,2.347087541,0.070607776,0.035966159,0.350861593
37.6695644,32.84651052,75.25489558,522.0113893,7.464661354,0.065304951,0.037922822,0.413010637
30.15775371,21.29707189,53.59171206,380.0968947,9.200159507,0.090322218,0.035525596,0.460859518
27.78712148,31.59967575,65.43827004,584.6324459,4.295324187,0.017076404,0.022822529,0.246038561
41.69860474,31.22969176,69.66085525,395.2958198,3.487112741,0.039782329,0.013740805,0.337602291
44.68804361,31.21320189,34.70734898,505.6883508,9.619352248,0.032345873,0.027084498,0.606131235
35.51380365,32.06975333,62.66981755,405.6690198,4.504039085,0.098921257,0.015150177,0.287967956
28.43358572,33.52935874,72.55924971,426.8041043,4.941579164,0.04504508,0.047904946,0.187179819
30.44614653,36.09977999,40.03927824,486.6146354,3.581333736,0.075935143,0.029006835,0.243226667
25.36781353,25.3964144,76.83790305,454.2983546,9.104529883,0.071625265,0.022690367,0.280684258
43.28597613,36.5009882,65.02636683,390.0564002,5.732659284,0.029087311,0.040652163,0.355715488
27.35502166,29.96511365,87.13330714,392.7341006,7.645528413,0.031509791,0.029917944,0.161658441
36.53032951,21.54116558,32.54533789,454.536197,8.136886512,0.035315611,0.022401361,0.581287058
30.48110441,21.17101858,45.91956825,539.3207446,3.484305515,0.047001455,0.04247871,0.514015886
36.08356005,26.68476637,66.09323276,574.4911617,4.39357388,0.031089256,0.044686086,0.501741469
38.02840777,35.69793954,47.79359473,371.0319156,8.499870567,0.011768633,0.036920327,0.319043127
41.59483607,34.15361869,72.86544984,448.2759769,3.696227982,0.089145375,0.011878577,0.337586286
29.12842544,35.77229929,75.54031695,375.0613909,7.959957821,0.096904885,0.032652915,0.15101207
25.21991657,30.34538113,36.15095784,354.1481202,9.415823993,0.040741335,0.040531796,0.243772024
27.7377126,28.80397996,60.83126785,515.4296707,6.269782693,0.040465619,0.01546012,0.274385866
43.00037284,22.94905053,60.53343334,500.6123605,7.442110146,0.010638263,0.01914683,0.6081556
42.47780155,26.56385507,52.15684621,390.7547785,8.070463389,0.071222562,0.045299804,0.581677842
36.94826204,28.68038732,85.97549175,408.4532083,8.465892524,0.084289591,0.010804869,0.343820395
37.01033721,21.77200859,79.65037919,355.9269384,4.011028045,0.023194747,0.040109086,0.419994487
38.30073349,24.41223905,71.83256291,558.7368014,0.607508246,0.024369971,0.028950932,0.479954798
28.50742557,31.96450588,72.85959814,593.672649,4.078575085,0.081107492,0.027870886,0.282252378
43.28823892,34.71326228,57.70296863,383.8648842,6.770186675,0.065466167,0.010283861,0.363115292
33.3754105,39.96695023,85.25967127,407.8688034,4.558468819,0.01403745,0.042775929,0.096892576
32.66277056,38.66226663,71.67572564,567.102381,7.514735194,0.066029229,0.024392996,0.247865999
35.37835411,32.85130399,73.7388637,581.6159495,3.634126052,0.037802595,0.031630625,0.350428453
25.93931934,28.42496107,81.70145423,454.9068457,6.383966997,0.043185264,0.037092027,0.219387288
28.32566738,32.72354729,46.44429536,362.6556181,1.945556068,0.079275828,0.038105183,0.179642542
39.76067233,35.71303236,78.42425423,359.8479584,7.518757423,0.082984167,0.048239202,0.326980569
26.65597336,22.36672382,41.71443618,493.4874665,5.502390091,0.046032096,0.031253598,0.411838746
37.06304219,28.19809779,50.72051713,448.2237772,2.120237447,0.095243764,0.025988782,0.420134163
29.90698219,36.79604571,50.13662726,357.1631069,2.989920618,0.046581645,0.048148145,0.143285912
32.78591228,27.67665904,88.7115281,495.8130981,7.511226215,0.079465243,0.035684409,0.378026557
30.77387474,31.43744542,81.39223342,352.8256341,4.877752233,0.053548954,0.021926014,0.14769781
32.11345433,31.75538722,72.0701917,546.8429895,2.23871126,0.090777909,0.01505857,0.277587691
39.3809181,23.68952506,73.6234057,426.6082057,9.675984785,0.091698512,0.04370218,0.579793865
30.94243431,27.24470883,63.72436766,360.0645008,7.179737696,0.017867513,0.024487264,0.267459234
36.32809281,26.69022577,86.82544003,497.0880552,9.575634842,0.0942844,0.036418789,0.484543952
34.52100804,20.52393417,59.77552517,449.4211036,4.328339949,0.084298136,0.028832657,0.507152575
38.27342331,20.48383528,52.83106259,593.4501033,4.803493373,0.081217964,0.017957191,0.649599644
43.73659479,36.63394087,39.78212022,486.0496656,8.98975664,0.028082021,0.034067464,0.487781527
39.65144194,25.4614162,77.17233914,418.8097953,5.297988468,0.082460729,0.012427323,0.433046505
29.29880757,30.36157532,74.06663592,527.3597162,7.102061228,0.086511946,0.026533698,0.308622256
25.6236627,25.97451147,53.06130231,417.8730006,2.596511487,0.03602353,0.031864598,0.236693691
30.24528089,38.8135849,31.51160484,576.0608229,4.52259204,0.095703407,0.027441879,0.283481802
36.90155861,25.18593518,80.33983966,443.6804926,1.322153672,0.014487413,0.039946887,0.383337609
26.02851627,28.59313625,30.68507901,487.4671407,2.139202355,0.023491833,0.043116998,0.299448143
34.92732494,37.45460501,72.22198678,362.643276,0.109339811,0.058382302,0.040849723,0.134689506
36.93685698,36.83867134,88.21542658,456.5303095,0.488724011,0.061821322,0.011552518,0.14796124
31.68487782,23.72202836,56.25967969,558.0908849,9.775109849,0.068063507,0.017765151,0.507053917
40.41824407,36.0528662,44.0984043,551.4122013,2.499301582,0.011527222,0.0314643,0.396181786
27.13196506,29.16373773,72.2922606,406.0796397,6.666776024,0.09643301,0.047392882,0.266224928
26.50275563,29.65937744,79.02768852,406.5197678,8.407087018,0.014012928,0.043398271,0.203224411
39.56377512,22.66959945,62.78581896,554.3263281,5.551538546,0.022875576,0.04370138,0.621686904
34.90982632,21.61203028,88.02211652,582.599605,1.616130551,0.011261307,0.022128328,0.442328881
38.76804793,34.55878614,33.1001233,373.8402303,7.30835273,0.061017259,0.027177916,0.373400069
33.69654677,29.92922305,60.2877359,462.5146599,6.04248896,0.09390402,0.028828238,0.372243879
29.92804066,28.73701405,73.10723684,434.3635697,7.339380835,0.069935245,0.016294863,0.264411251
41.38204635,34.59016457,81.75842827,567.6721139,7.720491566,0.084039172,0.011242725,0.417466472
40.98831758,35.31025798,40.75533671,370.8812287,9.75656264,0.011195308,0.047876116,0.42078253
38.89392942,23.17816335,78.00020891,402.7814856,5.778276472,0.058781377,0.019628503,0.453551191
30.44290274,32.20450299,63.16242454,538.1170844,3.482247016,0.051360668,0.019597956,0.258058514
36.80461334,22.70708165,53.79322092,362.8234622,6.519799113,0.054907115,0.013335162,0.444990016
32.21947794,35.02750172,37.90290171,473.1338452,0.777563022,0.016499187,0.04714031,0.263451967
26.83164147,33.13910313,81.91774553,460.5267587,8.984233451,0.071599182,0.033189485,0.193582073
43.34627151,39.13229242,39.43639249,433.6002947,1.281872012,0.055289837,0.036681474,0.352537645
27.73637262,21.37916033,48.58727155,448.6430788,3.345644095,0.078863396,0.046463075,0.429540991
44.00474708,21.14109442,47.40273192,482.4851467,8.175879268,0.053676157,0.023824807,0.706750551
33.92011546,25.64374149,82.28484205,390.3418396,6.013392545,0.023444347,0.034860292,0.333634087
